53.1,8092,24276,25291,3713,0,0,0,0,2294658.993
53.1,8090,24277,25290,3711,0,0,0,0,2294657.995
53.1,8091,24276,25290,3708,0,0,0,0,2294656.982
53.1,8091,24278,25289,3707,0,0,0,0,2294655.98
53.1,8090,24273,25289,3706,0,0,0,0,2294654.993
53.1,8090,24273,25289,3705,0,0,0,0,2294653.993
53.1,8090,24271,25289,3702,0,0,0,0,2294652.999
53.1,8090,24270,25290,3702,0,0,0,0,2294652.004
53.1,8090,24274,25290,3701,0,0,0,0,2294650.98
53.1,8090,24270,25289,3703,0,0,0,0,2294649.994
53.1,8090,24271,25289,3701,0,0,0,0,2294649.004
53.1,8090,24270,25288,3701,0,0,0,0,2294647.982
53.1,8089,24271,25286,3702,0,0,0,0,2294646.988
53.1,8090,24269,25289,3702,0,0,0,0,2294645.983
53.1,8089,24272,25289,3703,0,0,0,0,2294644.983
53.1,8090,24267,25288,3703,0,0,0,0,2294643.99
53.1,8090,24270,25289,3703,0,0,0,0,2294642.99
53.1,8090,24268,25290,3703,0,0,0,0,2294641.992
53.1,8089,24274,25289,3705,0,0,0,0,2294640.994
53.1,8090,24272,25289,3704,0,0,0,0,2294639.996
53.1,8089,24269,25289,3706,0,0,0,0,2294638.992
53.1,8090,24272,25290,3706,0,0,0,0,2294637.993
53.1,8090,24271,25290,3705,0,0,0,0,2294637.002
53.1,8090,24268,25290,3704,0,0,0,0,2294636.002
53.1,8090,24271,25289,3705,0,0,0,0,2294635.005
53.1,8090,24272,25292,3707,0,0,0,0,2294633.983
53.1,8090,24273,25291,3706,0,0,0,0,2294632.982
53.1,8090,24271,25291,3706,0,0,0,0,2294631.991
53.1,8090,24272,25291,3706,0,0,0,0,2294631.002
53.1,8090,24272,25292,3707,0,0,0,0,2294629.992
53.1,8090,24271,25293,3705,0,0,0,0,2294629.004
53.1,8090,24275,25291,3704,0,0,0,0,2294627.984
53.1,8090,24270,25294,3705,0,0,0,0,2294626.993
53.1,8090,24273,25291,3705,0,0,0,0,2294626.008
53.1,8090,24271,25292,3705,0,0,0,0,2294624.982
53.1,8091,24270,25292,3704,0,0,0,0,2294623.992
53.1,8091,24278,25293,3705,0,0,0,0,2294622.986
53.1,8090,24276,25292,3702,0,0,0,0,2294622
53.1,8090,24274,25292,3703,0,0,0,0,2294620.993
53.1,8090,24275,25292,3702,0,0,0,0,2294620.009
53.1,8090,24273,25292,3701,0,0,0,0,2294618.993
53.1,8091,24282,25293,3704,0,0,0,0,2294617.994
53.1,8091,24275,25294,3703,0,0,0,0,2294616.995
53.1,8090,24275,25292,3701,0,0,0,0,2294616.003
53,8090,24272,25293,3703,0,0,0,0,2294614.988
53,8090,24280,25294,3702,0,0,0,0,2294614.002
53.1,8090,24274,25295,3703,0,0,0,0,2294612.982
53.1,8091,24279,25295,3703,0,0,0,0,2294611.995
53.1,8090,24278,25295,3704,0,0,0,0,2294610.995
53.1,8090,24276,25296,3704,0,0,0,0,2294609.988
53.1,8090,24276,25295,3705,0,0,0,0,2294608.989
53.1,8090,24275,25294,3705,0,0,0,0,2294607.982
53.1,8090,24279,25295,3705,0,0,0,0,2294606.998
53.1,8091,24276,25297,3705,0,0,0,0,2294605.993
53.1,8090,24278,25297,3705,0,0,0,0,2294604.986
53.1,8091,24274,25296,3705,0,0,0,0,2294603.993
53.1,8091,24282,25296,3706,0,0,0,0,2294602.982
53.1,8090,24276,25295,3707,0,0,0,0,2294601.982
53.1,8091,24275,25295,3706,0,0,0,0,2294600.994
53.1,8090,24277,25297,3708,0,0,0,0,2294599.992
53.1,8091,24277,25296,3707,0,0,0,0,2294598.982
53.1,8090,24276,25297,3707,0,0,0,0,2294597.999
53.1,8091,24278,25298,3707,0,0,0,0,2294597.002
53.1,8091,24279,25297,3707,0,0,0,0,2294595.982
53.1,8091,24278,25298,3708,0,0,0,0,2294594.982
53.1,8091,24277,25299,3707,0,0,0,0,2294593.996
53.1,8091,24281,25299,3707,0,0,0,0,2294592.992
53.1,8091,24283,25300,3706,0,0,0,0,2294592.006
53.1,8091,24278,25301,3707,0,0,0,0,2294590.996
53.1,8091,24274,25300,3708,0,0,0,0,2294590.003
53.1,8091,24287,25301,3708,0,0,0,0,2294589.003
53.1,8091,24275,25301,3708,0,0,0,0,2294587.983
53.1,8092,24282,25302,3708,0,0,0,0,2294586.983
53.1,8092,24284,25301,3708,0,0,0,0,2294585.994
53.1,8092,24278,25302,3708,0,0,0,0,2294585.003
53.1,8092,24278,25303,3709,0,0,0,0,2294583.982
53.1,8092,24282,25303,3709,0,0,0,0,2294582.997
53.1,8092,24278,25303,3709,0,0,0,0,2294582.003
53.1,8092,24279,25304,3710,0,0,0,0,2294580.998
53.1,8092,24282,25303,3708,0,0,0,0,2294579.983
53.1,8092,24278,25303,3710,0,0,0,0,2294578.983
53.1,8093,24281,25302,3710,0,0,0,0,2294577.982
53.1,8093,24284,25304,3710,0,0,0,0,2294576.988
53.1,8092,24282,25302,3710,0,0,0,0,2294576.007
53.1,8093,24285,25304,3711,0,0,0,0,2294575
53.1,8093,24285,25304,3713,0,0,0,0,2294574
53.1,8093,24285,25303,3712,0,0,0,0,2294572.982
53.1,8093,24283,25304,3713,0,0,0,0,2294571.993
53.1,8093,24285,25307,3712,0,0,0,0,2294570.983
53.1,8093,24281,25307,3711,0,0,0,0,2294569.992
53.1,8093,24288,25308,3711,0,0,0,0,2294568.99
53.1,8094,24284,25306,3711,0,0,0,0,2294568.004
53.1,8094,24288,25306,3710,0,0,0,0,2294566.983
53.1,8094,24285,25308,3710,0,0,0,0,2294565.984
53.1,8093,24290,25307,3711,0,0,0,0,2294565.007
53.1,8094,24287,25307,3710,0,0,0,0,2294564.003
53.1,8094,24285,25308,3710,0,0,0,0,2294562.987
53.1,8094,24286,25309,3709,0,0,0,0,2294561.981
53.1,8094,24287,25307,3709,0,0,0,0,2294560.981
53.1,8094,24286,25308,3708,0,0,0,0,2294559.98
53.1,8094,24286,25310,3708,0,0,0,0,2294558.983
53.1,8094,24293,25311,3708,0,0,0,0,2294557.982
53,8094,24286,25311,3709,0,0,0,0,2294556.995
53.1,8094,24289,25312,3707,0,0,0,0,2294556.002
53.1,8094,24288,25311,3707,0,0,0,0,2294555.007
53.1,8094,24284,25311,3709,0,0,0,0,2294553.987
53.1,8094,24290,25314,3709,0,0,0,0,2294552.993
53.1,8094,24288,25312,3708,0,0,0,0,2294551.991
53.1,8094,24292,25312,3710,0,0,0,0,2294550.994
53.1,8095,24290,25311,3708,0,0,0,0,2294549.993
53.1,8094,24290,25313,3708,0,0,0,0,2294548.983
53.1,8094,24291,25312,3710,0,0,0,0,2294547.991
53.1,8094,24292,25313,3709,0,0,0,0,2294546.992
53,8094,24291,25315,3710,0,0,0,0,2294545.993
53,8094,24289,25313,3710,0,0,0,0,2294545.004
53.1,8094,24295,25314,3710,0,0,0,0,2294543.992
53,8094,24288,25315,3710,0,0,0,0,2294542.988
53,8094,24289,25313,3710,0,0,0,0,2294541.999
53,8093,24290,25314,3710,0,0,0,0,2294540.992
53.1,8094,24294,25314,3710,0,0,0,0,2294539.989
53.1,8094,24290,25314,3711,0,0,0,0,2294538.997
53.1,8094,24290,25314,3710,0,0,0,0,2294538.002
53.1,8094,24285,25315,3712,0,0,0,0,2294536.983
53.1,8094,24284,25313,3710,0,0,0,0,2294535.983
53.1,8094,24289,25313,3710,0,0,0,0,2294535.002
53.1,8093,24292,25315,3710,0,0,0,0,2294533.991
53,8093,24289,25314,3710,0,0,0,0,2294532.992
53,8093,24294,25315,3710,0,0,0,0,2294531.983
53,8094,24290,25314,3710,0,0,0,0,2294530.985
53,8093,24289,25314,3710,0,0,0,0,2294530.004
53,8093,24286,25314,3710,0,0,0,0,2294528.998
53,8094,24286,25315,3709,0,0,0,0,2294527.988
53.1,8094,24292,25316,3710,0,0,0,0,2294527.002
53.1,8093,24295,25315,3711,0,0,0,0,2294526.002
53,8094,24295,25315,3711,0,0,0,0,2294524.982
53,8093,24288,25315,3711,0,0,0,0,2294524.005
53,8094,24291,25314,3711,0,0,0,0,2294522.992
53.1,8094,24285,25314,3713,0,0,0,0,2294521.973
53.1,8094,24286,25316,3713,0,0,0,0,2294520.985
53,8093,24292,25315,3714,0,0,0,0,2294520.002
53,8095,24287,25315,3714,0,0,0,0,2294518.983
53,8094,24287,25315,3713,0,0,0,0,2294518.002
53,8094,24290,25317,3713,0,0,0,0,2294517.001
53,8094,24289,25315,3712,0,0,0,0,2294515.986
53,8094,24289,25315,3713,0,0,0,0,2294515.004
53,8095,24290,25316,3711,0,0,0,0,2294513.983
53,8095,24286,25317,3713,0,0,0,0,2294512.994
53,8095,24289,25313,3713,0,0,0,0,2294511.992
53.1,8096,24287,25317,3713,0,0,0,0,2294510.994
53.1,8094,24291,25315,3712,0,0,0,0,2294509.987
53,8096,24291,25315,3713,0,0,0,0,2294508.992
53,8095,24289,25315,3712,0,0,0,0,2294508
53,8096,24292,25316,3712,0,0,0,0,2294506.983
53,8095,24292,25317,3711,0,0,0,0,2294505.993
53,8096,24290,25316,3711,0,0,0,0,2294504.993
53,8096,24292,25317,3711,0,0,0,0,2294504.006
53,8096,24292,25317,3710,0,0,0,0,2294502.982
53,8097,24294,25319,3710,0,0,0,0,2294501.997
53,8096,24292,25318,3709,0,0,0,0,2294501
53,8097,24295,25318,3711,0,0,0,0,2294499.99
53,8096,24292,25317,3711,0,0,0,0,2294498.993
53,8096,24297,25317,3711,0,0,0,0,2294497.992
53,8097,24295,25320,3710,0,0,0,0,2294496.997
53,8097,24299,25321,3710,0,0,0,0,2294495.988
53,8097,24298,25318,3710,0,0,0,0,2294494.99
53,8097,24297,25319,3710,0,0,0,0,2294494.003
53,8097,24298,25319,3709,0,0,0,0,2294492.996
53,8097,24298,25321,3709,0,0,0,0,2294491.982
53,8097,24292,25319,3709,0,0,0,0,2294490.981
53,8097,24292,25320,3709,0,0,0,0,2294490.009
53,8098,24295,25321,3709,0,0,0,0,2294488.997
53,8098,24297,25320,3707,0,0,0,0,2294487.983
53,8097,24295,25319,3710,0,0,0,0,2294487.009
53,8097,24295,25322,3709,0,0,0,0,2294485.992
53,8098,24298,25319,3708,0,0,0,0,2294484.983
53,8097,24300,25321,3710,0,0,0,0,2294483.995
53,8098,24298,25323,3709,0,0,0,0,2294482.992
53,8098,24294,25323,3709,0,0,0,0,2294481.984
53,8098,24301,25319,3709,0,0,0,0,2294480.994
53,8097,24298,25324,3709,0,0,0,0,2294480.003
53,8098,24299,25323,3709,0,0,0,0,2294478.992
53,8098,24299,25323,3711,0,0,0,0,2294477.996
53,8098,24297,25322,3709,0,0,0,0,2294476.993
53,8098,24300,25323,3710,0,0,0,0,2294475.983
53,8097,24292,25321,3710,0,0,0,0,2294474.998
53,8097,24299,25322,3708,0,0,0,0,2294473.993
53,8098,24304,25324,3708,0,0,0,0,2294472.994
53,8098,24299,25323,3708,0,0,0,0,2294471.994
53,8098,24298,25324,3706,0,0,0,0,2294471.003
53,8097,24299,25322,3706,0,0,0,0,2294469.992
53,8098,24299,25323,3706,0,0,0,0,2294468.994
53,8098,24298,25324,3707,0,0,0,0,2294467.994
53,8097,24296,25323,3706,0,0,0,0,2294466.998
53,8098,24299,25323,3707,0,0,0,0,2294465.989
53,8098,24298,25323,3706,0,0,0,0,2294464.981
53,8098,24302,25325,3707,0,0,0,0,2294463.994
53,8097,24304,25323,3709,0,0,0,0,2294462.982
53,8098,24298,25321,3709,0,0,0,0,2294461.989
53,8098,24300,25323,3708,0,0,0,0,2294460.994
53,8098,24299,25322,3710,0,0,0,0,2294459.983
53,8098,24300,25323,3711,0,0,0,0,2294458.994
53,8098,24302,25323,3711,0,0,0,0,2294457.983
53,8099,24303,25325,3710,0,0,0,0,2294457.003
53,8099,24301,25323,3712,0,0,0,0,2294455.985
53,8099,24301,25324,3712,0,0,0,0,2294454.994
53,8099,24303,25323,3713,0,0,0,0,2294453.982
53,8099,24301,25325,3714,0,0,0,0,2294452.994
53,8098,24304,25324,3713,0,0,0,0,2294451.995
53,8098,24299,25324,3713,0,0,0,0,2294450.995
53,8098,24302,25324,3715,0,0,0,0,2294449.988
53,8098,24303,25325,3715,0,0,0,0,2294448.985
53,8098,24300,25324,3713,0,0,0,0,2294447.993
53,8100,24300,25326,3714,0,0,0,0,2294446.989
53,8098,24301,25326,3713,0,0,0,0,2294445.998
53,8099,24301,25327,3713,0,0,0,0,2294444.995
53,8099,24303,25326,3711,0,0,0,0,2294443.996
53,8099,24305,25326,3712,0,0,0,0,2294443.005
53,8099,24307,25324,3711,0,0,0,0,2294441.992
53,8099,24302,25330,3712,0,0,0,0,2294440.993
53,8100,24304,25329,3711,0,0,0,0,2294439.982
53,8099,24306,25329,3712,0,0,0,0,2294438.992
53,8099,24305,25328,3712,0,0,0,0,2294437.989
53,8100,24305,25328,3713,0,0,0,0,2294436.984
53,8100,24308,25328,3712,0,0,0,0,2294435.983
53,8100,24307,25328,3712,0,0,0,0,2294435.003
53,8100,24303,25328,3711,0,0,0,0,2294433.992
53,8100,24307,25331,3712,0,0,0,0,2294432.994
53,8101,24308,25332,3711,0,0,0,0,2294432.007
53,8100,24308,25331,3711,0,0,0,0,2294430.994
53,8100,24304,25332,3710,0,0,0,0,2294429.989
53,8100,24306,25331,3710,0,0,0,0,2294428.982
53,8100,24305,25331,3709,0,0,0,0,2294428.002
53,8101,24306,25333,3708,0,0,0,0,2294427.003
53,8100,24310,25335,3707,0,0,0,0,2294426.008
53,8101,24308,25333,3707,0,0,0,0,2294424.984
53,8102,24309,25333,3706,0,0,0,0,2294423.992
53,8100,24311,25335,3707,0,0,0,0,2294423.006
53,8101,24313,25331,3707,0,0,0,0,2294421.994
53,8101,24310,25334,3708,0,0,0,0,2294420.984
53,8101,24311,25334,3707,0,0,0,0,2294419.993
53,8101,24310,25334,3708,0,0,0,0,2294419.003
52.9,8101,24313,25337,3708,0,0,0,0,2294417.993
52.9,8100,24306,25336,3708,0,0,0,0,2294416.986
53,8102,24311,25335,3709,0,0,0,0,2294415.982
53,8101,24308,25335,3709,0,0,0,0,2294414.99
53,8102,24312,25335,3710,0,0,0,0,2294414.003
52.9,8101,24309,25335,3710,0,0,0,0,2294413.003
53,8101,24313,25336,3709,0,0,0,0,2294411.983
53,8102,24311,25337,3710,0,0,0,0,2294410.996
52.9,8102,24313,25338,3710,0,0,0,0,2294409.997
52.9,8102,24314,25337,3709,0,0,0,0,2294408.995
52.9,8101,24312,25339,3710,0,0,0,0,2294407.988
52.9,8101,24310,25339,3710,0,0,0,0,2294407.008
52.9,8103,24313,25338,3710,0,0,0,0,2294405.984
53,8102,24313,25341,3711,0,0,0,0,2294404.998
53,8102,24313,25340,3710,0,0,0,0,2294403.989
53,8102,24314,25342,3710,0,0,0,0,2294402.998
52.9,8102,24316,25341,3712,0,0,0,0,2294402.003
52.9,8103,24316,25341,3712,0,0,0,0,2294400.993
53,8103,24313,25341,3712,0,0,0,0,2294399.984
52.9,8102,24316,25342,3713,0,0,0,0,2294398.983
52.9,8103,24318,25345,3712,0,0,0,0,2294397.993
52.9,8103,24315,25343,3711,0,0,0,0,2294396.992
53,8103,24315,25343,3711,0,0,0,0,2294396.003
53,8103,24315,25344,3712,0,0,0,0,2294394.983
52.9,8103,24316,25342,3711,0,0,0,0,2294394.004
52.9,8102,24315,25345,3712,0,0,0,0,2294392.993
52.9,8103,24316,25347,3711,0,0,0,0,2294391.993
53,8103,24312,25344,3712,0,0,0,0,2294390.987
53,8104,24311,25345,3711,0,0,0,0,2294389.982
53,8103,24315,25343,3712,0,0,0,0,2294388.984
52.9,8104,24316,25346,3713,0,0,0,0,2294387.994
52.9,8104,24319,25346,3711,0,0,0,0,2294386.983
52.9,8104,24313,25347,3711,0,0,0,0,2294385.985
52.9,8104,24319,25347,3711,0,0,0,0,2294385.007
52.9,8105,24317,25348,3711,0,0,0,0,2294383.991
52.9,8105,24319,25346,3711,0,0,0,0,2294383.001
52.9,8104,24320,25348,3712,0,0,0,0,2294381.982
52.9,8104,24320,25349,3711,0,0,0,0,2294381.008
52.9,8104,24317,25347,3712,0,0,0,0,2294379.995
52.9,8104,24320,25348,3711,0,0,0,0,2294379.009
52.9,8104,24319,25348,3712,0,0,0,0,2294378.003
52.9,8104,24318,25349,3711,0,0,0,0,2294376.984
52.9,8105,24319,25349,3711,0,0,0,0,2294376
52.9,8105,24320,25351,3710,0,0,0,0,2294374.991
52.9,8104,24320,25352,3711,0,0,0,0,2294373.995
52.9,8105,24321,25352,3711,0,0,0,0,2294373.005
52.9,8105,24319,25351,3711,0,0,0,0,2294371.993
52.9,8105,24321,25353,3710,0,0,0,0,2294370.999
52.9,8105,24317,25352,3711,0,0,0,0,2294369.994
52.9,8105,24317,25353,3712,0,0,0,0,2294368.989
52.9,8105,24318,25353,3711,0,0,0,0,2294367.994
52.9,8105,24324,25353,3712,0,0,0,0,2294366.992
52.9,8105,24317,25353,3712,0,0,0,0,2294365.993
52.9,8105,24320,25355,3711,0,0,0,0,2294364.995
52.9,8105,24323,25355,3712,0,0,0,0,2294364.002
52.9,8105,24323,25355,3713,0,0,0,0,2294362.993
52.9,8106,24322,25356,3713,0,0,0,0,2294361.983
52.9,8105,24326,25354,3714,0,0,0,0,2294360.993
52.9,8106,24324,25356,3714,0,0,0,0,2294359.996
52.9,8105,24325,25357,3713,0,0,0,0,2294358.999
52.9,8105,24318,25355,3713,0,0,0,0,2294357.993
52.9,8105,24328,25357,3712,0,0,0,0,2294356.984
52.9,8106,24323,25355,3712,0,0,0,0,2294355.982
52.9,8106,24327,25357,3712,0,0,0,0,2294354.983
52.9,8105,24322,25357,3711,0,0,0,0,2294353.988
52.9,8105,24322,25358,3713,0,0,0,0,2294353.005
52.9,8106,24321,25356,3711,0,0,0,0,2294351.992
52.9,8106,24328,25358,3712,0,0,0,0,2294350.99
52.9,8105,24327,25357,3712,0,0,0,0,2294350.004
52.9,8106,24320,25357,3713,0,0,0,0,2294348.999
52.9,8106,24325,25357,3713,0,0,0,0,2294347.983
52.9,8106,24325,25358,3714,0,0,0,0,2294346.993
52.9,8106,24322,25361,3713,0,0,0,0,2294345.99
52.9,8105,24322,25358,3712,0,0,0,0,2294344.995
52.9,8106,24328,25357,3712,0,0,0,0,2294343.987
52.9,8106,24321,25359,3712,0,0,0,0,2294342.993
52.9,8106,24323,25359,3712,0,0,0,0,2294341.987
52.9,8107,24322,25359,3711,0,0,0,0,2294340.989
52.9,8106,24322,25360,3712,0,0,0,0,2294339.983
52.9,8106,24322,25360,3713,0,0,0,0,2294338.99
52.9,8106,24320,25359,3713,0,0,0,0,2294337.988
52.9,8107,24326,25358,3714,0,0,0,0,2294337.003
52.9,8106,24322,25359,3714,0,0,0,0,2294335.984
52.9,8106,24321,25359,3714,0,0,0,0,2294334.993
52.9,8106,24326,25358,3713,0,0,0,0,2294334.002
52.9,8106,24322,25359,3713,0,0,0,0,2294332.989
52.9,8106,24326,25360,3713,0,0,0,0,2294332.004
52.9,8106,24322,25359,3714,0,0,0,0,2294330.988
52.9,8106,24322,25359,3713,0,0,0,0,2294329.994
52.9,8107,24322,25361,3715,0,0,0,0,2294329.003
52.9,8106,24324,25360,3714,0,0,0,0,2294327.984
52.9,8107,24323,25359,3713,0,0,0,0,2294327.001
52.9,8106,24325,25358,3713,0,0,0,0,2294325.985
52.9,8107,24329,25360,3712,0,0,0,0,2294324.994
52.9,8106,24329,25361,3712,0,0,0,0,2294323.997
52.9,8106,24328,25361,3713,0,0,0,0,2294322.984
52.8,8106,24324,25362,3713,0,0,0,0,2294322.01
52.8,8106,24322,25360,3713,0,0,0,0,2294320.99
52.9,8107,24328,25361,3714,0,0,0,0,2294320.004
52.9,8106,24328,25364,3713,0,0,0,0,2294318.998
52.9,8106,24326,25363,3715,0,0,0,0,2294318.002
52.9,8107,24324,25362,3714,0,0,0,0,2294316.984
52.9,8107,24324,25365,3714,0,0,0,0,2294315.998
52.9,8107,24328,25362,3714,0,0,0,0,2294314.996
52.9,8107,24327,25363,3715,0,0,0,0,2294313.993
52.9,8107,24326,25364,3714,0,0,0,0,2294313.007
52.9,8107,24327,25365,3714,0,0,0,0,2294311.984
52.9,8107,24332,25363,3714,0,0,0,0,2294310.991
52.9,8108,24330,25366,3714,0,0,0,0,2294310.002
52.9,8107,24326,25362,3713,0,0,0,0,2294309.002
52.9,8108,24330,25365,3713,0,0,0,0,2294307.998
52.9,8107,24329,25365,3713,0,0,0,0,2294306.984
52.9,8107,24328,25366,3713,0,0,0,0,2294306.012
52.9,8108,24328,25366,3713,0,0,0,0,2294304.994
52.9,8108,24332,25364,3713,0,0,0,0,2294303.988
52.9,8108,24326,25367,3712,0,0,0,0,2294302.992
52.9,8108,24333,25364,3713,0,0,0,0,2294302.001
52.9,8108,24327,25367,3714,0,0,0,0,2294300.994
52.8,8108,24328,25368,3713,0,0,0,0,2294300.004
52.8,8108,24333,25366,3713,0,0,0,0,2294298.985
52.8,8109,24332,25368,3713,0,0,0,0,2294298.01
52.8,8109,24328,25367,3712,0,0,0,0,2294297.006
52.8,8108,24331,25369,3714,0,0,0,0,2294295.993
52.9,8108,24329,25368,3713,0,0,0,0,2294294.998
52.9,8109,24332,25370,3714,0,0,0,0,2294293.992
52.9,8109,24332,25368,3713,0,0,0,0,2294293.002
52.8,8109,24333,25367,3713,0,0,0,0,2294291.993
52.8,8109,24336,25368,3713,0,0,0,0,2294290.993
52.9,8109,24334,25368,3713,0,0,0,0,2294289.985
52.9,8109,24335,25368,3712,0,0,0,0,2294288.984
52.9,8109,24335,25368,3713,0,0,0,0,2294287.995
52.9,8109,24330,25369,3713,0,0,0,0,2294287.005
52.9,8109,24333,25370,3713,0,0,0,0,2294285.989
52.9,8109,24330,25370,3711,0,0,0,0,2294285.012
52.8,8109,24339,25370,3714,0,0,0,0,2294283.991
52.8,8109,24333,25370,3712,0,0,0,0,2294282.992
52.9,8109,24334,25372,3712,0,0,0,0,2294281.983
52.9,8110,24333,25372,3712,0,0,0,0,2294280.993
52.9,8109,24328,25372,3712,0,0,0,0,2294279.992
52.8,8109,24337,25372,3714,0,0,0,0,2294279.003
52.8,8110,24341,25372,3714,0,0,0,0,2294277.984
52.9,8110,24337,25372,3714,0,0,0,0,2294276.993
52.9,8109,24335,25374,3714,0,0,0,0,2294276.002
52.9,8110,24333,25371,3714,0,0,0,0,2294275.008
52.9,8110,24333,25373,3713,0,0,0,0,2294273.999
52.9,8110,24332,25373,3712,0,0,0,0,2294273.008
52.9,8110,24342,25373,3712,0,0,0,0,2294271.985
52.8,8110,24334,25374,3712,0,0,0,0,2294271.006
52.8,8110,24341,25376,3712,0,0,0,0,2294269.986
52.8,8110,24341,25375,3713,0,0,0,0,2294269.002
52.8,8111,24339,25374,3712,0,0,0,0,2294267.984
52.8,8111,24342,25376,3713,0,0,0,0,2294266.993
52.8,8110,24337,25376,3713,0,0,0,0,2294265.986
52.8,8110,24342,25376,3713,0,0,0,0,2294265
52.9,8111,24339,25378,3712,0,0,0,0,2294263.988
52.9,8111,24336,25377,3712,0,0,0,0,2294262.987
52.9,8110,24337,25377,3711,0,0,0,0,2294261.993
52.8,8110,24337,25378,3711,0,0,0,0,2294260.986
52.8,8110,24338,25377,3710,0,0,0,0,2294260.006
52.8,8110,24334,25379,3710,0,0,0,0,2294258.983
52.8,8110,24337,25377,3710,0,0,0,0,2294257.99
52.8,8110,24336,25378,3711,0,0,0,0,2294256.998
52.8,8111,24339,25379,3711,0,0,0,0,2294255.993
52.9,8111,24337,25380,3713,0,0,0,0,2294254.983
52.9,8110,24336,25379,3713,0,0,0,0,2294253.994
52.8,8110,24339,25381,3714,0,0,0,0,2294252.994
52.8,8111,24337,25381,3713,0,0,0,0,2294251.997
52.8,8111,24339,25381,3713,0,0,0,0,2294250.992
52.8,8111,24337,25379,3712,0,0,0,0,2294249.992
52.8,8111,24344,25377,3712,0,0,0,0,2294248.984
52.8,8111,24345,25380,3712,0,0,0,0,2294247.993
52.9,8111,24339,25379,3713,0,0,0,0,2294246.996
52.9,8111,24342,25379,3712,0,0,0,0,2294245.986
52.8,8110,24340,25382,3712,0,0,0,0,2294245
52.9,8111,24336,25380,3712,0,0,0,0,2294244.008
52.9,8110,24341,25381,3712,0,0,0,0,2294242.983
52.8,8111,24337,25380,3713,0,0,0,0,2294242.005
52.8,8111,24338,25381,3713,0,0,0,0,2294241.004
52.8,8111,24339,25381,3713,0,0,0,0,2294239.983
52.8,8111,24346,25381,3713,0,0,0,0,2294238.992
52.8,8111,24340,25383,3714,0,0,0,0,2294237.998
52.8,8111,24339,25380,3715,0,0,0,0,2294237.01
52.8,8111,24341,25381,3714,0,0,0,0,2294236.003
52.8,8110,24340,25382,3714,0,0,0,0,2294234.99
52.8,8111,24342,25383,3715,0,0,0,0,2294233.986
52.8,8110,24337,25381,3716,0,0,0,0,2294232.993
52.8,8110,24340,25383,3716,0,0,0,0,2294231.984
52.8,8111,24338,25382,3717,0,0,0,0,2294231.011
52.8,8111,24341,25381,3716,0,0,0,0,2294229.983
52.8,8111,24340,25382,3716,0,0,0,0,2294229.001
52.8,8111,24337,25381,3716,0,0,0,0,2294227.995
52.8,8111,24343,25382,3716,0,0,0,0,2294226.985
52.8,8111,24339,25383,3718,0,0,0,0,2294226.005
52.8,8111,24343,25381,3717,0,0,0,0,2294224.994
52.8,8111,24344,25382,3717,0,0,0,0,2294223.998
52.8,8111,24340,25383,3717,0,0,0,0,2294223.004
52.8,8112,24335,25382,3717,0,0,0,0,2294222.004
52.8,8111,24343,25381,3717,0,0,0,0,2294220.993
52.8,8111,24342,25382,3718,0,0,0,0,2294219.993
52.8,8112,24338,25381,3719,0,0,0,0,2294218.983
52.8,8112,24339,25383,3717,0,0,0,0,2294218.007
52.8,8112,24341,25382,3717,0,0,0,0,2294216.983
52.8,8111,24344,25383,3717,0,0,0,0,2294215.998
52.8,8111,24342,25383,3718,0,0,0,0,2294215.012
52.8,8112,24339,25382,3717,0,0,0,0,2294213.983
52.8,8112,24339,25380,3718,0,0,0,0,2294213.003
52.8,8112,24343,25382,3719,0,0,0,0,2294212.003
52.8,8112,24343,25381,3719,0,0,0,0,2294211.009
52.8,8112,24340,25383,3720,0,0,0,0,2294209.993
52.8,8112,24344,25381,3720,0,0,0,0,2294208.992
52.8,8112,24339,25383,3720,0,0,0,0,2294207.988
52.8,8113,24339,25383,3721,0,0,0,0,2294207.002
52.8,8112,24339,25383,3720,0,0,0,0,2294205.994
52.8,8113,24339,25381,3720,0,0,0,0,2294205.001
52.8,8112,24342,25384,3720,0,0,0,0,2294203.992
52.8,8112,24339,25380,3719,0,0,0,0,2294202.992
52.8,8112,24341,25379,3719,0,0,0,0,2294202.001
52.8,8113,24343,25382,3719,0,0,0,0,2294201.003
52.8,8113,24339,25381,3719,0,0,0,0,2294200.002
52.8,8113,24343,25381,3720,0,0,0,0,2294198.989
52.8,8113,24341,25382,3721,0,0,0,0,2294197.998
52.8,8113,24338,25380,3720,0,0,0,0,2294197.001
52.8,8113,24343,25381,3723,0,0,0,0,2294195.994
52.8,8113,24338,25380,3722,0,0,0,0,2294194.996
52.8,8113,24335,25381,3721,0,0,0,0,2294194.002
52.8,8113,24339,25379,3722,0,0,0,0,2294193.009
52.8,8113,24340,25382,3721,0,0,0,0,2294192.009
52.8,8113,24345,25382,3721,0,0,0,0,2294190.994
52.8,8113,24346,25382,3720,0,0,0,0,2294190.006
52.8,8114,24340,25383,3719,0,0,0,0,2294188.983
52.8,8113,24338,25382,3719,0,0,0,0,2294188.012
52.8,8113,24340,25382,3719,0,0,0,0,2294186.999
52.8,8113,24340,25380,3719,0,0,0,0,2294185.991
52.8,8114,24342,25380,3719,0,0,0,0,2294184.996
52.8,8115,24340,25380,3719,0,0,0,0,2294183.99
52.8,8114,24342,25381,3719,0,0,0,0,2294182.984
52.8,8114,24339,25382,3718,0,0,0,0,2294182.001
52.8,8114,24346,25384,3717,0,0,0,0,2294180.993
52.8,8113,24341,25383,3717,0,0,0,0,2294179.993
52.8,8113,24341,25383,3717,0,0,0,0,2294179
52.8,8113,24345,25381,3717,0,0,0,0,2294177.994
52.8,8114,24342,25383,3717,0,0,0,0,2294177.006
52.8,8114,24344,25383,3718,0,0,0,0,2294175.994
52.8,8114,24344,25383,3717,0,0,0,0,2294175.002
52.8,8114,24344,25384,3717,0,0,0,0,2294174.003
52.8,8114,24341,25384,3718,0,0,0,0,2294173.004
52.8,8114,24343,25385,3718,0,0,0,0,2294171.995
52.8,8113,24341,25384,3719,0,0,0,0,2294171.002
52.8,8114,24345,25385,3719,0,0,0,0,2294169.993
52.8,8113,24344,25386,3719,0,0,0,0,2294168.983
52.8,8113,24344,25387,3719,0,0,0,0,2294167.984
52.8,8113,24340,25384,3719,0,0,0,0,2294167.004
52.8,8114,24342,25386,3720,0,0,0,0,2294165.993
52.8,8114,24338,25384,3719,0,0,0,0,2294165.003
52.8,8115,24343,25384,3719,0,0,0,0,2294163.986
52.8,8113,24345,25384,3719,0,0,0,0,2294162.985
52.8,8115,24346,25386,3720,0,0,0,0,2294161.993
52.8,8114,24344,25382,3718,0,0,0,0,2294160.991
52.8,8114,24340,25385,3718,0,0,0,0,2294160.004
52.8,8114,24342,25384,3717,0,0,0,0,2294158.983
52.8,8114,24347,25384,3717,0,0,0,0,2294157.997
52.8,8114,24346,25386,3716,0,0,0,0,2294157.002
52.8,8115,24343,25387,3718,0,0,0,0,2294156
52.8,8114,24345,25385,3717,0,0,0,0,2294154.984
52.8,8115,24345,25387,3719,0,0,0,0,2294154.012
52.8,8114,24347,25385,3717,0,0,0,0,2294153.001
52.7,8115,24346,25387,3717,0,0,0,0,2294152
52.8,8115,24346,25387,3716,0,0,0,0,2294151.004
52.8,8114,24341,25387,3718,0,0,0,0,2294150.004
52.8,8114,24346,25387,3718,0,0,0,0,2294148.991
52.8,8115,24337,25390,3718,0,0,0,0,2294147.998
52.8,8114,24341,25390,3718,0,0,0,0,2294146.983
52.8,8114,24343,25388,3719,0,0,0,0,2294146.002
52.8,8114,24341,25388,3718,0,0,0,0,2294144.992
52.8,8114,24340,25389,3717,0,0,0,0,2294143.985
52.7,8115,24343,25389,3718,0,0,0,0,2294142.985
52.7,8113,24341,25390,3717,0,0,0,0,2294141.988
52.8,8114,24343,25388,3716,0,0,0,0,2294140.994
52.8,8114,24345,25388,3716,0,0,0,0,2294139.994
52.7,8114,24348,25389,3717,0,0,0,0,2294139.002
52.7,8115,24340,25391,3718,0,0,0,0,2294138.007
52.7,8114,24342,25390,3717,0,0,0,0,2294136.997
52.8,8115,24343,25389,3718,0,0,0,0,2294136.002
52.8,8114,24346,25389,3720,0,0,0,0,2294134.991
52.8,8114,24341,25389,3720,0,0,0,0,2294134.011
52.8,8114,24343,25391,3720,0,0,0,0,2294132.995
52.8,8114,24344,25390,3720,0,0,0,0,2294131.995
52.7,8114,24345,25389,3718,0,0,0,0,2294131.002
52.8,8114,24345,25390,3719,0,0,0,0,2294130.003
52.8,8114,24340,25391,3719,0,0,0,0,2294129.003
52.7,8115,24344,25390,3718,0,0,0,0,2294127.995
52.8,8114,24344,25389,3718,0,0,0,0,2294126.985
52.8,8114,24346,25391,3719,0,0,0,0,2294126.008
52.8,8114,24341,25391,3718,0,0,0,0,2294125.013
52.8,8114,24342,25393,3718,0,0,0,0,2294123.993
52.8,8114,24345,25393,3720,0,0,0,0,2294123.011
52.8,8114,24341,25391,3720,0,0,0,0,2294122.002
52.8,8114,24342,25391,3720,0,0,0,0,2294120.996
52.8,8114,24341,25392,3720,0,0,0,0,2294119.996
52.8,8114,24339,25392,3721,0,0,0,0,2294119.012
52.8,8115,24340,25391,3720,0,0,0,0,2294117.994
52.8,8114,24343,25390,3720,0,0,0,0,2294116.995
52.8,8115,24344,25390,3718,0,0,0,0,2294116.013
52.7,8114,24347,25391,3719,0,0,0,0,2294115.013
52.7,8115,24344,25392,3718,0,0,0,0,2294113.987
52.7,8115,24344,25392,3718,0,0,0,0,2294113.002
52.8,8115,24343,25393,3717,0,0,0,0,2294112.003
52.7,8115,24343,25391,3717,0,0,0,0,2294110.983
52.7,8115,24345,25391,3716,0,0,0,0,2294110.004
52.8,8116,24346,25393,3715,0,0,0,0,2294108.991
52.8,8116,24342,25393,3716,0,0,0,0,2294108.007
52.7,8115,24345,25393,3717,0,0,0,0,2294107.002
52.7,8116,24350,25392,3718,0,0,0,0,2294106.002
52.7,8115,24346,25392,3718,0,0,0,0,2294105.012
52.8,8115,24346,25392,3717,0,0,0,0,2294104.001
52.8,8116,24347,25393,3717,0,0,0,0,2294102.989
52.8,8116,24351,25393,3718,0,0,0,0,2294101.992
52.7,8115,24343,25393,3717,0,0,0,0,2294101.003
52.7,8116,24348,25392,3717,0,0,0,0,2294100.013
52.7,8116,24344,25392,3716,0,0,0,0,2294098.992
52.7,8116,24351,25395,3716,0,0,0,0,2294097.989
52.7,8116,24346,25392,3716,0,0,0,0,2294097.009
52.8,8116,24346,25394,3717,0,0,0,0,2294096.002
52.7,8116,24347,25393,3717,0,0,0,0,2294094.995
52.7,8116,24349,25394,3717,0,0,0,0,2294093.987
52.7,8116,24341,25393,3719,0,0,0,0,2294092.994
52.7,8116,24352,25393,3718,0,0,0,0,2294092.008
52.7,8116,24346,25393,3717,0,0,0,0,2294090.991
52.7,8116,24347,25392,3717,0,0,0,0,2294090.009
52.7,8117,24348,25392,3716,0,0,0,0,2294088.994
52.7,8117,24346,25394,3716,0,0,0,0,2294087.989
52.7,8117,24347,25393,3717,0,0,0,0,2294087.006
52.7,8117,24347,25395,3717,0,0,0,0,2294086.01
52.7,8117,24346,25394,3718,0,0,0,0,2294085.004
52.7,8117,24344,25395,3719,0,0,0,0,2294084.003
52.7,8116,24341,25397,3718,0,0,0,0,2294082.993
52.7,8117,24349,25395,3718,0,0,0,0,2294081.985
52.7,8117,24348,25393,3719,0,0,0,0,2294081.01
52.7,8117,24349,25394,3717,0,0,0,0,2294080.011
52.7,8116,24344,25395,3717,0,0,0,0,2294079.002
52.7,8117,24352,25396,3716,0,0,0,0,2294078
52.7,8117,24350,25396,3715,0,0,0,0,2294077.004
52.7,8117,24350,25395,3716,0,0,0,0,2294075.997
52.7,8117,24348,25394,3717,0,0,0,0,2294075.008
52.7,8117,24351,25397,3716,0,0,0,0,2294073.993
52.7,8117,24352,25395,3716,0,0,0,0,2294073.013
52.7,8117,24349,25394,3716,0,0,0,0,2294072.013
52.7,8117,24350,25396,3717,0,0,0,0,2294070.994
52.7,8117,24348,25395,3717,0,0,0,0,2294069.999
52.7,8116,24347,25396,3716,0,0,0,0,2294069.002
52.7,8117,24349,25395,3716,0,0,0,0,2294067.988
52.7,8117,24349,25396,3717,0,0,0,0,2294066.992
52.7,8116,24350,25396,3716,0,0,0,0,2294065.997
52.7,8116,24348,25396,3717,0,0,0,0,2294065.008
52.7,8116,24343,25395,3717,0,0,0,0,2294064.01
52.7,8116,24346,25395,3717,0,0,0,0,2294062.991
52.7,8116,24348,25396,3717,0,0,0,0,2294061.993
52.7,8116,24350,25397,3717,0,0,0,0,2294061.002
52.7,8116,24349,25398,3716,0,0,0,0,2294059.984
52.7,8116,24343,25395,3717,0,0,0,0,2294059.013
52.7,8115,24346,25396,3718,0,0,0,0,2294057.998
52.7,8116,24345,25397,3719,0,0,0,0,2294057.003
52.7,8115,24346,25397,3720,0,0,0,0,2294056.001
52.7,8115,24348,25396,3720,0,0,0,0,2294055.012
52.7,8116,24346,25398,3721,0,0,0,0,2294054.009
52.7,8116,24345,25397,3722,0,0,0,0,2294053.005
52.7,8116,24343,25399,3722,0,0,0,0,2294052.011
52.7,8115,24347,25397,3723,0,0,0,0,2294050.991
52.7,8116,24349,25397,3722,0,0,0,0,2294049.992
52.7,8115,24351,25399,3722,0,0,0,0,2294048.992
52.7,8116,24350,25398,3721,0,0,0,0,2294047.992
52.6,8116,24347,25399,3721,0,0,0,0,2294047
52.6,8116,24351,25398,3722,0,0,0,0,2294045.985
52.7,8116,24345,25399,3721,0,0,0,0,2294045.002
52.7,8116,24344,25401,3723,0,0,0,0,2294044.012
52.7,8116,24345,25401,3723,0,0,0,0,2294042.987
52.7,8116,24350,25400,3721,0,0,0,0,2294041.999
52.7,8116,24351,25400,3723,0,0,0,0,2294041.009
52.7,8117,24346,25399,3723,0,0,0,0,2294039.994
52.6,8116,24342,25398,3724,0,0,0,0,2294039.004
52.6,8116,24344,25400,3725,0,0,0,0,2294037.99
52.6,8117,24347,25400,3723,0,0,0,0,2294036.999
52.6,8116,24343,25403,3725,0,0,0,0,2294035.984
52.7,8116,24347,25401,3725,0,0,0,0,2294035.005
52.6,8116,24349,25400,3725,0,0,0,0,2294033.985
52.6,8116,24348,25402,3725,0,0,0,0,2294032.998
52.7,8117,24342,25403,3724,0,0,0,0,2294031.998
52.7,8117,24342,25403,3724,0,0,0,0,2294030.993
52.7,8117,24353,25404,3725,0,0,0,0,2294029.988
52.6,8118,24351,25403,3723,0,0,0,0,2294029.003
52.6,8118,24350,25404,3724,0,0,0,0,2294027.993
52.7,8117,24350,25403,3724,0,0,0,0,2294026.998
52.7,8118,24351,25403,3724,0,0,0,0,2294025.988
52.7,8118,24352,25404,3726,0,0,0,0,2294024.985
52.6,8117,24354,25407,3726,0,0,0,0,2294023.994
52.7,8118,24351,25404,3727,0,0,0,0,2294022.99
52.7,8119,24353,25405,3727,0,0,0,0,2294021.999
52.6,8119,24354,25407,3727,0,0,0,0,2294021
52.6,8118,24349,25405,3727,0,0,0,0,2294020.012
52.7,8119,24353,25405,3726,0,0,0,0,2294018.99
52.6,8119,24354,25407,3728,0,0,0,0,2294017.993
52.6,8119,24356,25406,3729,0,0,0,0,2294016.986
52.7,8119,24357,25407,3729,0,0,0,0,2294016.005
52.7,8119,24355,25408,3729,0,0,0,0,2294014.996
52.7,8119,24357,25408,3730,0,0,0,0,2294013.993
52.6,8120,24357,25409,3730,0,0,0,0,2294013
52.6,8119,24356,25407,3729,0,0,0,0,2294011.986
52.7,8119,24360,25409,3730,0,0,0,0,2294010.992
52.6,8120,24362,25409,3732,0,0,0,0,2294009.997
52.6,8120,24355,25407,3729,0,0,0,0,2294009.007
52.6,8120,24361,25410,3728,0,0,0,0,2294008.003
52.7,8120,24361,25410,3728,0,0,0,0,2294006.993
52.7,8120,24354,25408,3729,0,0,0,0,2294005.996
52.6,8120,24363,25407,3728,0,0,0,0,2294005.009
52.6,8120,24364,25410,3726,0,0,0,0,2294004.01
52.6,8120,24363,25409,3729,0,0,0,0,2294002.995
52.6,8120,24360,25410,3729,0,0,0,0,2294002.004
52.6,8120,24361,25410,3727,0,0,0,0,2294001.006
52.6,8120,24358,25409,3724,0,0,0,0,2293999.992
52.6,8120,24359,25408,3730,0,0,0,0,2293998.994
52.6,8120,24364,25409,3727,0,0,0,0,2293998.004
52.6,8120,24365,25407,3728,0,0,0,0,2293997.003
52.6,8120,24360,25409,3728,0,0,0,0,2293995.993
52.6,8119,24358,25407,3728,0,0,0,0,2293994.986
52.6,8120,24365,25407,3727,0,0,0,0,2293994
52.6,8121,24360,25406,3725,0,0,0,0,2293992.993
52.6,8120,24363,25406,3726,0,0,0,0,2293991.994
52.6,8120,24365,25407,3726,0,0,0,0,2293990.992
52.6,8119,24360,25409,3725,0,0,0,0,2293990.004
52.6,8120,24358,25408,3726,0,0,0,0,2293989.003
52.6,8119,24363,25409,3727,0,0,0,0,2293988.013
52.6,8120,24363,25409,3728,0,0,0,0,2293986.987
52.6,8120,24360,25407,3727,0,0,0,0,2293985.985
52.6,8119,24361,25411,3729,0,0,0,0,2293984.993
52.6,8119,24362,25407,3729,0,0,0,0,2293983.984
52.6,8119,24364,25407,3728,0,0,0,0,2293982.986
52.6,8119,24361,25409,3730,0,0,0,0,2293981.997
52.6,8119,24361,25407,3729,0,0,0,0,2293980.986
52.6,8119,24363,25408,3730,0,0,0,0,2293980.005
52.6,8119,24359,25409,3730,0,0,0,0,2293979.002
52.6,8119,24358,25408,3727,0,0,0,0,2293977.984
