2.8,3937,13990,4,3895,0,8,0,0,396949.662
2.8,3937,13992,2,3895,0,5,0,0,396948.97
2.8,3936,13991,4,3896,0,3,0,0,396948.293
2.8,3936,13990,6,3896,0,3,0,0,396947.618
2.8,3935,13993,4,3895,0,6,0,0,396946.945
2.8,3935,13990,3,3895,0,7,0,0,396946.268
2.8,3936,13992,4,3896,0,7,0,0,396945.576
2.8,3936,13992,5,3895,0,5,0,0,396944.899
2.8,3935,13992,4,3896,0,2,0,0,396944.224
2.8,3936,13992,3,3896,0,5,0,0,396943.546
2.8,3936,13991,4,3896,0,2,0,0,396942.872
2.8,3937,13993,6,3897,0,3,0,0,396942.177
2.8,3936,13992,4,3896,0,4,0,0,396941.502
2.8,3937,13994,3,3896,0,6,0,0,396940.827
2.8,3937,13994,5,3896,0,5,0,0,396940.153
2.8,3937,13993,6,3896,0,7,0,0,396939.457
2.8,3936,13993,4,3896,0,8,0,0,396938.781
2.8,3937,13994,3,3895,0,11,0,0,396938.105
2.8,3937,13994,5,3895,1,9,0,0,396937.428
2.8,3937,13995,6,3895,0,6,0,0,396936.754
2.8,3935,13996,4,3895,0,3,0,0,396936.079
2.8,3936,13993,3,3895,0,4,0,0,396935.382
2.8,3936,13996,4,3895,0,3,0,0,396934.714
2.8,3936,13994,5,3895,0,5,0,0,396934.021
2.8,3936,13997,3,3895,0,6,0,0,396933.344
2.8,3936,13994,3,3896,0,6,0,0,396932.672
2.8,3936,13995,5,3896,0,4,0,0,396931.999
2.8,3936,13997,5,3895,0,7,0,0,396931.314
2.8,3936,13994,3,3896,0,6,0,0,396930.63
2.8,3936,13997,3,3895,0,7,0,0,396929.955
2.8,3935,13997,4,3894,0,7,0,0,396929.279
2.8,3936,13999,5,3893,0,6,0,0,396928.588
2.8,3936,13998,3,3894,0,4,0,0,396927.915
2.8,3936,13998,3,3893,0,2,0,0,396927.245
2.8,3936,13998,5,3894,0,5,0,0,396926.566
2.8,3936,13999,5,3894,0,5,0,0,396925.872
2.8,3936,13999,4,3894,0,3,0,0,396925.196
2.8,3937,14000,3,3894,0,6,0,0,396924.517
2.8,3937,13999,4,3894,0,9,0,0,396923.831
2.8,3937,14000,5,3894,0,4,0,0,396923.161
2.8,3936,14000,3,3895,0,4,0,0,396922.486
2.9,3937,14001,3,3895,0,6,0,0,396921.795
2.9,3937,14000,5,3896,1,3,0,0,396921.112
2.9,3938,14000,5,3895,0,2,0,0,396920.439
2.8,3937,14003,2,3895,0,2,0,0,396919.763
2.8,3937,14002,3,3895,0,5,0,0,396919.086
2.8,3937,14001,5,3896,0,8,0,0,396918.413
2.8,3938,14004,5,3895,0,9,0,0,396917.717
2.9,3938,14003,3,3896,0,12,0,0,396917.045
2.9,3938,14000,3,3896,0,9,0,0,396916.371
2.9,3938,14004,5,3896,0,10,0,0,396915.678
2.9,3938,14005,5,3896,0,16,0,0,396915.017
2.9,3939,14004,3,3895,0,11,0,0,396914.323
2.9,3938,14004,3,3896,0,9,0,0,396913.65
2.9,3938,14005,5,3895,0,6,0,0,396912.974
2.9,3939,14006,4,3896,0,5,0,0,396912.283
2.9,3939,14007,3,3896,0,6,0,0,396911.607
2.9,3939,14006,3,3896,0,6,0,0,396910.93
2.9,3938,14009,5,3897,1,4,0,0,396910.257
2.9,3938,14008,4,3897,0,5,0,0,396909.574
2.9,3938,14008,2,3897,0,3,0,0,396908.952
2.9,3938,14009,4,3896,0,5,0,0,396908.22
2.9,3938,14007,5,3896,0,3,0,0,396907.543
2.9,3938,14009,4,3896,0,5,0,0,396906.849
2.9,3938,14010,3,3896,0,6,0,0,396906.179
2.9,3938,14009,3,3896,0,6,0,0,396905.545
2.9,3938,14011,5,3896,0,5,0,0,396904.824
2.9,3938,14011,4,3896,0,9,0,0,396904.149
2.9,3940,14013,3,3897,0,14,0,0,396903.454
2.9,3940,14011,4,3897,0,10,0,0,396902.782
2.9,3940,14012,5,3897,0,7,0,0,396902.112
2.9,3940,14014,3,3898,0,10,0,0,396901.418
3,3940,14014,3,3897,0,6,0,0,396900.764
3,3939,14014,4,3896,0,5,0,0,396900.058
2.9,3939,14015,5,3897,0,1,0,0,396899.385
2.9,3939,14016,4,3898,0,1,0,0,396898.713
2.9,3939,14016,3,3898,0,5,0,0,396898.036
3,3938,14017,4,3897,0,8,0,0,396897.347
3,3938,14016,5,3897,0,8,0,0,396896.673
3,3938,14018,4,3897,0,4,0,0,396895.981
3,3937,14016,3,3898,0,3,0,0,396895.309
3,3937,14020,4,3897,0,6,0,0,396894.635
3,3937,14020,5,3897,0,12,0,0,396893.962
3,3937,14020,4,3898,0,8,0,0,396893.263
2.9,3939,14020,3,3898,0,7,0,0,396892.589
2.9,3938,14021,4,3897,0,5,0,0,396891.914
2.9,3938,14022,5,3897,0,7,0,0,396891.234
2.9,3938,14021,4,3897,0,3,0,0,396890.554
2.9,3938,14023,2,3897,0,3,0,0,396889.884
3,3938,14025,4,3897,1,3,0,0,396889.188
3,3938,14026,6,3897,0,2,0,0,396888.513
3,3938,14025,4,3896,0,3,0,0,396887.838
3,3939,14027,3,3896,0,3,0,0,396887.167
3,3938,14026,4,3895,0,2,0,0,396886.489
3,3938,14028,6,3895,0,5,0,0,396885.796
3,3938,14028,4,3895,0,5,0,0,396885.124
3,3937,14028,2,3896,0,4,0,0,396884.45
3,3937,14030,4,3896,0,4,0,0,396883.753
3,3938,14031,6,3896,0,3,0,0,396883.079
3,3937,14031,4,3896,0,2,0,0,396882.401
3.1,3936,14033,2,3896,0,3,0,0,396881.731
3.1,3936,14033,4,3896,0,7,0,0,396881.035
3.1,3935,14037,5,3895,0,5,0,0,396880.36
3.1,3935,14035,4,3895,0,5,0,0,396879.717
3.1,3935,14036,3,3895,0,5,0,0,396879.002
3.1,3935,14038,4,3895,0,7,0,0,396878.328
3.1,3934,14037,5,3896,0,7,0,0,396877.651
3.1,3933,14040,4,3896,0,9,0,0,396876.972
3.1,3933,14039,3,3895,0,8,0,0,396876.296
3.1,3933,14042,4,3896,0,6,0,0,396875.614
3.1,3934,14042,6,3895,0,2,0,0,396874.939
3.1,3935,14042,4,3896,0,5,0,0,396874.249
3.1,3935,14042,3,3896,0,3,0,0,396873.575
3.1,3935,14047,4,3896,0,6,0,0,396872.901
3.1,3935,14046,5,3896,1,7,0,0,396872.206
3.1,3936,14049,4,3897,0,5,0,0,396871.531
3.1,3935,14050,2,3896,0,2,0,0,396870.854
3.2,3935,14051,5,3896,0,1,0,0,396870.177
3.2,3935,14053,5,3897,0,7,0,0,396869.501
3.2,3935,14052,3,3897,0,8,0,0,396868.809
3.2,3935,14057,2,3896,0,4,0,0,396868.132
3.2,3935,14059,4,3896,0,6,0,0,396867.453
3.2,3935,14058,5,3896,0,3,0,0,396866.78
3.2,3936,14062,3,3896,0,3,0,0,396866.106
3.2,3936,14062,3,3896,0,8,0,0,396865.428
3.2,3936,14062,5,3897,0,8,0,0,396864.751
3.2,3936,14068,5,3897,0,11,0,0,396864.055
3.2,3936,14067,3,3898,0,12,0,0,396863.383
3.2,3935,14069,3,3897,0,11,0,0,396862.708
3.2,3935,14073,6,3896,0,6,0,0,396862.03
3.2,3935,14072,4,3896,0,2,0,0,396861.355
3.3,3935,14077,2,3897,0,2,0,0,396860.662
3.3,3936,14079,3,3896,0,4,0,0,396859.985
3.3,3935,14080,5,3896,0,4,0,0,396859.309
3.3,3935,14083,5,3896,0,6,0,0,396858.632
3.3,3934,14085,3,3896,0,7,0,0,396857.939
3.3,3934,14088,4,3896,0,4,0,0,396857.263
3.3,3933,14091,5,3896,0,2,0,0,396856.59
3.4,3933,14094,4,3896,0,2,0,0,396855.919
3.4,3932,14098,2,3896,0,2,0,0,396855.224
3.4,3933,14101,4,3896,0,8,0,0,396854.55
3.4,3934,14104,5,3897,0,6,0,0,396853.868
3.4,3933,14110,3,3896,0,3,0,0,396853.194
6,3933,14116,4,3897,0,12,0,0,396851.842
3.4,3933,14122,5,3897,0,3,0,0,396851.147
3.5,3932,14126,4,3896,0,2,0,0,396850.473
3.5,3932,14135,3,3896,0,8,0,0,396849.797
3.6,3933,14138,5,3897,0,8,0,0,396849.124
3.6,3932,14146,5,3896,0,6,0,0,396848.433
3.6,3932,14154,3,3895,0,7,0,0,396847.782
3.7,3933,14165,3,3895,0,8,0,0,396847.076
3.7,3934,14176,5,3895,0,10,0,0,396846.404
3.9,3934,14191,5,3895,0,4,0,0,396845.733
3.9,3934,14206,2,3896,0,6,0,0,396845.039
3.9,3932,14205,3,3896,0,7,0,0,396844.364
3.9,3933,14207,5,3896,0,4,0,0,396843.691
3.9,3933,14209,4,3895,0,3,0,0,396843.013
3.9,3933,14206,3,3895,0,10,0,0,396842.317
3.9,3933,14210,3,3894,0,10,0,0,396841.64
3.9,3934,14210,5,3895,0,10,0,0,396840.971
3.9,3934,14210,4,3894,0,5,0,0,396840.279
3.9,3934,14212,3,3895,0,5,0,0,396839.601
3.9,3933,14212,4,3894,0,5,0,0,396838.923
3.9,3934,14213,5,3895,0,4,0,0,396838.252
3.9,3934,14214,5,3895,0,8,0,0,396837.57
3.9,3935,14217,2,3896,0,7,0,0,396836.891
4,3936,14215,4,3896,0,5,0,0,396836.217
4,3936,14217,5,3895,0,3,0,0,396835.541
4,3937,14218,4,3895,0,4,0,0,396834.861
3.9,3937,14219,2,3897,0,4,0,0,396834.167
3.9,3938,14220,4,3896,0,4,0,0,396833.494
4,3939,14219,5,3896,0,3,0,0,396832.819
4,3940,14222,3,3896,0,5,0,0,396832.145
4,3939,14224,2,3896,0,7,0,0,396831.449
4,3940,14223,4,3896,0,6,0,0,396830.773
4,3939,14226,5,3896,0,6,0,0,396830.102
4,3940,14226,4,3897,0,3,0,0,396829.429
4,3939,14230,3,3897,0,3,0,0,396828.732
4,3939,14229,4,3897,0,8,0,0,396828.056
4,3939,14230,5,3897,0,6,0,0,396827.383
4,3939,14233,3,3896,0,7,0,0,396826.708
4,3939,14232,3,3897,0,7,0,0,396826.031
4,3940,14233,5,3897,0,9,0,0,396825.339
4,3940,14238,5,3897,0,13,0,0,396824.66
4,3941,14235,3,3898,0,9,0,0,396823.982
4.1,3940,14237,4,3899,0,5,0,0,396823.308
4.1,3941,14241,5,3898,0,8,0,0,396822.636
4.1,3939,14237,4,3898,0,10,0,0,396821.949
4.1,3940,14243,3,3899,0,3,0,0,396821.275
4.1,3940,14243,3,3899,0,5,0,0,396820.594
4.1,3940,14243,6,3899,0,4,0,0,396819.916
4.1,3940,14247,4,3899,0,3,0,0,396819.24
4.1,3939,14247,3,3899,0,6,0,0,396818.548
4.1,3940,14251,4,3899,0,5,0,0,396817.876
4.1,3939,14250,5,3899,0,7,0,0,396817.185
4.2,3938,14253,4,3899,0,2,0,0,396816.508
4.2,3937,14254,3,3899,0,2,0,0,396815.836
4.2,3937,14254,5,3895,0,7,0,0,396815.145
4.2,3936,14258,6,3894,0,7,0,0,396814.469
4.2,3936,14258,3,3894,1,4,0,0,396813.798
4.2,3936,14260,3,3894,0,2,0,0,396813.123
4.2,3936,14262,5,3894,1,2,0,0,396812.447
4.2,3937,14264,5,3894,0,2,0,0,396811.761
4.2,3936,14265,4,3893,0,2,0,0,396811.088
4.2,3936,14268,3,3893,0,3,0,0,396810.399
4.2,3937,14270,5,3892,0,7,0,0,396809.725
4.2,3937,14271,5,3892,0,5,0,0,396809.042
4.3,3937,14271,4,3893,0,3,0,0,396808.362
4.3,3937,14276,4,3892,0,3,0,0,396807.686
4.3,3937,14275,5,3891,0,2,0,0,396807.009
4.3,3938,14280,5,3892,0,2,0,0,396806.314
4.4,3937,14280,2,3892,0,2,0,0,396805.641
4.4,3937,14283,3,3892,0,4,0,0,396804.967
4.3,3938,14286,6,3891,0,2,0,0,396804.296
4.3,3938,14287,5,3891,0,2,0,0,396803.602
4.3,3938,14291,3,3891,0,1,0,0,396802.927
4.4,3938,14292,3,3892,0,2,0,0,396802.257
4.4,3938,14295,5,3892,0,1,0,0,396801.564
4.4,3938,14298,5,3892,0,1,0,0,396800.889
4.4,3938,14299,4,3892,0,5,0,0,396800.216
4.4,3938,14304,3,3892,0,10,0,0,396799.525
4.4,3937,14306,5,3892,0,6,0,0,396798.854
4.4,3937,14308,5,3890,0,8,0,0,396798.162
4.5,3938,14313,3,3890,0,6,0,0,396797.49
4.5,3937,14315,3,3890,0,2,0,0,396796.818
4.5,3937,14317,6,3890,0,2,0,0,396796.125
4.5,3937,14322,4,3889,0,4,0,0,396795.451
4.5,3938,14325,3,3890,0,5,0,0,396794.779
4.5,3937,14328,4,3890,0,10,0,0,396794.103
4.5,3938,14332,5,3888,0,9,0,0,396793.408
4.6,3937,14336,4,3888,0,8,0,0,396792.753
4.6,3937,14337,3,3888,0,8,0,0,396792.059
4.6,3938,14344,5,3887,0,2,0,0,396791.374
4.6,3939,14346,6,3886,0,4,0,0,396790.69
4.6,3938,14351,4,3887,0,3,0,0,396790.014
4.7,3938,14354,4,3887,0,5,0,0,396789.338
4.7,3939,14359,5,3887,0,5,0,0,396788.668
4.7,3938,14364,5,3888,0,3,0,0,396787.974
4.7,3938,14369,4,3888,0,2,0,0,396787.301
4.8,3939,14372,3,3889,0,5,0,0,396786.626
4.8,3939,14378,4,3889,0,5,0,0,396785.952
4.8,3939,14384,5,3889,0,3,0,0,396785.256
4.9,3939,14389,3,3889,0,3,0,0,396784.584
4.9,3939,14395,3,3890,0,3,0,0,396783.914
5,3939,14400,5,3890,0,6,0,0,396783.22
5,3940,14407,5,3890,0,4,0,0,396782.55
5,3938,14415,3,3890,0,3,0,0,396781.88
5,3938,14420,3,3889,0,2,0,0,396781.187
5,3938,14426,5,3889,0,8,0,0,396780.514
5.1,3938,14435,5,3890,0,9,0,0,396779.841
5.1,3938,14443,3,3889,0,5,0,0,396779.147
5.2,3939,14453,3,3890,0,6,0,0,396778.471
5.2,3939,14459,5,3889,0,5,0,0,396777.801
5.4,3938,14472,4,3891,0,3,0,0,396777.106
5.4,3937,14480,3,3889,0,8,0,0,396776.43
5.4,3937,14495,4,3890,0,9,0,0,396775.796
5.6,3938,14505,6,3890,0,10,0,0,396775.074
5.6,3939,14522,4,3890,0,10,0,0,396774.393
5.8,3940,14536,2,3890,0,10,0,0,396773.718
5.8,3940,14556,4,3890,0,5,0,0,396773.047
5.8,3941,14575,6,3890,0,8,0,0,396772.371
5.9,3941,14575,4,3890,0,7,0,0,396771.677
5.9,3938,14581,2,3890,0,4,0,0,396771.004
5.9,3941,14580,4,3890,0,2,0,0,396770.328
5.9,3941,14582,6,3889,0,2,0,0,396769.643
5.9,3941,14584,4,3890,0,1,0,0,396768.972
5.9,3941,14586,3,3889,0,2,0,0,396768.277
5.9,3942,14586,4,3889,0,3,0,0,396767.603
5.9,3941,14589,5,3890,0,4,0,0,396766.929
5.9,3941,14589,4,3889,0,3,0,0,396766.255
6,3941,14593,3,3889,0,6,0,0,396765.558
6,3941,14593,4,3888,0,3,0,0,396764.882
6,3941,14596,6,3888,0,5,0,0,396764.21
6,3940,14596,4,3888,0,6,0,0,396763.533
6,3941,14599,3,3889,0,5,0,0,396762.857
6,3940,14601,4,3888,0,4,0,0,396762.163
6,3940,14602,5,3887,0,2,0,0,396761.489
6,3939,14605,4,3888,0,3,0,0,396760.816
6,3940,14605,3,3887,0,6,0,0,396760.142
6.1,3939,14609,4,3887,0,9,0,0,396759.446
6.1,3939,14611,5,3888,0,7,0,0,396758.767
6.1,3939,14612,4,3887,0,5,0,0,396758.091
6.1,3939,14616,3,3887,0,4,0,0,396757.416
6.1,3939,14616,4,3888,0,6,0,0,396756.743
6.1,3938,14620,6,3887,0,5,0,0,396756.05
6.1,3937,14622,4,3888,0,2,0,0,396755.377
6.2,3937,14624,3,3887,0,3,0,0,396754.705
6.2,3937,14627,5,3887,0,5,0,0,396754.027
6.2,3937,14628,5,3887,0,2,0,0,396753.347
6.2,3937,14630,3,3887,0,2,0,0,396752.654
6.2,3939,14632,3,3887,0,4,0,0,396751.981
6.2,3939,14635,5,3888,0,4,0,0,396751.307
6.2,3938,14637,5,3887,0,2,0,0,396750.614
6.2,3938,14641,3,3887,0,4,0,0,396749.936
6.2,3938,14642,3,3887,0,5,0,0,396749.263
6.2,3938,14645,5,3887,0,5,0,0,396748.579
6.3,3937,14648,5,3887,0,4,0,0,396747.913
6.3,3937,14648,3,3888,0,4,0,0,396747.218
6.3,3938,14653,3,3887,0,3,0,0,396746.543
6.3,3938,14658,5,3887,0,6,0,0,396745.873
6.3,3938,14656,5,3888,0,11,0,0,396745.197
6.3,3939,14663,4,3889,0,5,0,0,396744.5
6.3,3940,14663,3,3889,0,6,0,0,396743.827
6.4,3940,14667,5,3889,0,2,0,0,396743.151
6.4,3939,14671,5,3890,0,1,0,0,396742.476
6.5,3940,14674,3,3890,0,4,0,0,396741.801
6.5,3939,14676,4,3890,0,4,0,0,396741.119
6.5,3939,14681,5,3890,0,4,0,0,396740.424
6.5,3940,14683,4,3890,0,4,0,0,396739.747
6.5,3939,14686,2,3889,0,1,0,0,396739.074
6.6,3939,14690,4,3890,0,1,0,0,396738.403
6.6,3939,14692,5,3889,0,2,0,0,396737.708
6.6,3939,14697,4,3890,0,5,0,0,396737.031
6.6,3939,14700,2,3890,0,4,0,0,396736.355
6.6,3939,14703,4,3889,0,2,0,0,396735.681
6.7,3939,14706,5,3889,0,2,0,0,396735.004
6.7,3939,14711,4,3890,0,4,0,0,396734.329
6.8,3939,14715,3,3890,0,4,0,0,396733.635
6.8,3940,14718,4,3890,0,5,0,0,396732.96
6.8,3939,14723,5,3891,0,2,0,0,396732.288
6.8,3939,14725,4,3890,0,4,0,0,396731.611
6.8,3939,14732,3,3890,0,5,0,0,396730.916
6.8,3940,14733,5,3891,0,7,0,0,396730.24
6.8,3940,14740,6,3891,0,6,0,0,396729.565
6.9,3940,14744,3,3890,0,2,0,0,396728.887
6.9,3940,14748,3,3891,1,4,0,0,396728.213
6.9,3941,14749,4,3891,0,5,0,0,396727.526
7,3940,14760,5,3890,0,10,0,0,396726.852
7,3940,14761,3,3891,0,5,0,0,396726.178
7.1,3939,14766,3,3891,0,1,0,0,396725.485
7.1,3940,14773,5,3890,0,4,0,0,396724.813
7.2,3940,14776,5,3890,0,4,0,0,396724.131
7.2,3941,14781,4,3891,0,4,0,0,396723.461
7.2,3942,14788,3,3890,0,4,0,0,396722.769
7.3,3943,14793,5,3891,0,5,0,0,396722.099
7.3,3944,14799,5,3891,0,3,0,0,396721.423
7.4,3945,14804,3,3892,0,1,0,0,396720.741
7.4,3946,14811,3,3891,0,1,0,0,396720.065
7.5,3946,14816,5,3891,0,4,0,0,396719.372
7.5,3945,14823,5,3891,0,4,0,0,396718.692
7.5,3945,14830,3,3892,0,6,0,0,396718.02
7.6,3944,14836,4,3891,0,5,0,0,396717.341
7.6,3944,14843,5,3891,0,9,0,0,396716.664
7.7,3943,14848,4,3891,0,3,0,0,396715.986
7.7,3944,14858,3,3890,0,3,0,0,396715.302
7.8,3945,14864,4,3890,0,5,0,0,396714.689
7.8,3945,14871,6,3890,0,5,0,0,396713.95
7.8,3946,14879,4,3890,0,6,0,0,396713.258
7.9,3946,14887,3,3890,0,4,0,0,396712.585
7.9,3946,14894,4,3889,0,5,0,0,396711.909
8.1,3946,14901,6,3890,0,4,0,0,396711.216
8.1,3945,14913,3,3891,0,9,0,0,396710.541
8.2,3945,14919,4,3891,0,6,0,0,396709.867
8.2,3945,14930,5,3891,0,6,0,0,396709.19
8.2,3944,14938,5,3890,0,8,0,0,396708.515
8.4,3944,14947,3,3890,0,7,0,0,396707.822
8.4,3944,14957,3,3889,0,8,0,0,396707.149
8.6,3943,14967,5,3889,0,6,0,0,396706.473
8.6,3944,14979,5,3889,0,8,0,0,396705.783
8.6,3944,14986,3,3890,0,9,0,0,396705.104
8.7,3944,15000,3,3890,0,3,0,0,396704.429
8.7,3944,15011,5,3890,0,3,0,0,396703.755
9,3944,15021,5,3889,0,4,0,0,396703.08
9,3945,15033,3,3890,1,5,0,0,396702.389
9.2,3945,15046,4,3891,0,5,0,0,396701.715
9.2,3944,15057,5,3890,0,3,0,0,396701.043
9.2,3945,15074,4,3890,0,6,0,0,396700.367
9.4,3945,15082,3,3890,0,7,0,0,396699.691
9.4,3946,15101,4,3890,0,10,0,0,396699.005
9.7,3945,15110,5,3890,0,10,0,0,396698.31
9.7,3945,15127,4,3889,0,8,0,0,396697.639
9.9,3945,15141,2,3890,0,7,0,0,396696.959
9.9,3944,15155,4,3889,0,6,0,0,396696.285
9.9,3943,15173,5,3888,0,4,0,0,396695.61
10.2,3944,15189,5,3890,0,4,0,0,396694.917
10.2,3942,15205,3,3890,0,5,0,0,396694.243
10.6,3942,15223,4,3890,0,5,0,0,396693.557
10.6,3942,15239,5,3890,0,7,0,0,396692.879
10.9,3942,15258,4,3889,0,3,0,0,396692.204
10.9,3942,15277,3,3890,0,6,0,0,396691.528
10.9,3942,15297,4,3890,0,8,0,0,396690.853
11.3,3942,15315,6,3890,0,7,0,0,396690.177
11.3,3941,15338,4,3891,0,6,0,0,396689.501
11.7,3941,15358,3,3891,0,5,0,0,396688.806
11.7,3940,15380,4,3890,0,7,0,0,396688.133
12.2,3940,15403,5,3890,0,5,0,0,396687.458
12.2,3940,15426,5,3890,0,6,0,0,396686.769
12.2,3939,15449,3,3890,0,4,0,0,396686.098
12.7,3939,15475,4,3890,0,7,0,0,396685.424
12.7,3939,15499,5,3890,0,7,0,0,396684.731
13.2,3939,15527,4,3890,0,7,0,0,396684.053
13.2,3938,15554,3,3889,0,8,0,0,396683.38
13.2,3937,15581,5,3890,0,9,0,0,396682.701
13.8,3937,15610,6,3890,0,7,0,0,396682.027
13.8,3936,15640,3,3889,0,6,0,0,396681.331
14.4,3936,15670,3,3889,0,8,0,0,396680.657
14.4,3935,15701,5,3888,0,9,0,0,396679.985
15.1,3935,15732,5,3888,0,9,0,0,396679.307
15.1,3934,15766,3,3889,0,9,0,0,396678.631
15.1,3934,15803,3,3889,0,10,0,0,396677.939
15.9,3934,15836,5,3890,0,10,0,0,396677.27
15.9,3935,15874,5,3890,0,9,0,0,396676.58
16.8,3935,15913,3,3889,0,8,0,0,396675.909
16.8,3935,15952,3,3890,0,10,0,0,396675.235
17.8,3935,15992,5,3888,0,12,0,0,396674.539
17.8,3935,16035,5,3888,0,11,0,0,396673.86
17.8,3937,16080,3,3890,0,10,0,0,396673.188
18.9,3936,16127,3,3889,0,13,0,0,396672.517
18.9,3936,16173,6,3890,0,15,0,0,396671.822
20.2,3936,16223,5,3889,0,13,0,0,396671.151
20.2,3937,16277,3,3890,0,14,0,0,396670.474
21.2,3937,16333,4,3889,0,16,0,0,396669.796
21.2,3938,16385,6,3889,0,13,0,0,396669.124
21.2,3937,16410,4,3889,0,4,0,0,396668.429
21.5,3937,16424,3,3888,0,3,0,0,396667.752
21.5,3935,16435,4,3888,0,4,0,0,396667.074
21.9,3936,16447,5,3888,0,4,0,0,396666.403
21.9,3935,16460,4,3889,0,3,0,0,396665.712
22.2,3934,16473,3,3887,0,6,0,0,396665.038
22.2,3934,16486,4,3886,0,4,0,0,396664.367
22.2,3934,16499,6,3888,0,3,0,0,396663.691
22.6,3933,16511,4,3887,0,5,0,0,396662.997
22.6,3933,16525,3,3887,0,5,0,0,396662.32
23,3933,16539,4,3887,0,4,0,0,396661.683
23,3933,16553,6,3888,0,3,0,0,396660.969
23,3935,16567,4,3888,0,6,0,0,396660.287
23.4,3934,16580,3,3888,0,3,0,0,396659.605
23.4,3934,16594,4,3889,0,7,0,0,396658.933
23.8,3933,16607,5,3888,0,4,0,0,396658.239
23.8,3934,16623,4,3888,0,6,0,0,396657.57
24.2,3934,16637,3,3888,0,6,0,0,396656.893
24.2,3933,16651,5,3888,0,5,0,0,396656.203
24.2,3933,16666,6,3887,0,5,0,0,396655.53
24.6,3933,16680,4,3887,0,5,0,0,396654.856
24.6,3934,16697,3,3888,0,6,0,0,396654.182
25.1,3934,16711,4,3888,0,5,0,0,396653.488
25.1,3934,16727,5,3887,0,7,0,0,396652.812
25.6,3934,16742,4,3888,0,11,0,0,396652.133
25.6,3933,16757,3,3888,0,10,0,0,396651.453
25.6,3934,16772,4,3889,0,6,0,0,396650.782
26.1,3934,16788,6,3889,0,6,0,0,396650.107
26.1,3934,16804,4,3889,0,5,0,0,396649.411
26.6,3933,16819,3,3889,0,7,0,0,396648.738
26.6,3934,16836,5,3888,0,5,0,0,396648.082
27.1,3933,16853,5,3889,0,3,0,0,396647.376
27.1,3933,16869,4,3889,0,4,0,0,396646.698
27.1,3934,16887,3,3889,0,5,0,0,396646.021
27.6,3934,16903,4,3890,0,7,0,0,396645.351
27.6,3934,16918,6,3889,0,8,0,0,396644.658
28.2,3933,16936,4,3889,0,9,0,0,396643.983
28.2,3934,16954,3,3889,0,5,0,0,396643.409
28.8,3933,16972,6,3890,0,7,0,0,396642.619
28.8,3932,16988,5,3890,0,6,0,0,396641.958
28.8,3933,17006,3,3889,0,8,0,0,396641.26
29.3,3934,17023,3,3889,0,7,0,0,396640.581
29.3,3934,17042,6,3890,0,4,0,0,396639.905
30,3934,17060,6,3890,0,5,0,0,396639.227
30,3934,17079,3,3889,0,5,0,0,396638.554
30,3935,17098,3,3889,0,7,0,0,396637.868
30.6,3934,17115,6,3889,0,4,0,0,396637.198
30.6,3935,17134,5,3890,0,5,0,0,396636.522
31.3,3935,17153,3,3890,0,6,0,0,396635.844
31.3,3935,17171,4,3890,0,6,0,0,396635.167
32,3935,17191,6,3890,0,11,0,0,396634.477
32,3935,17210,5,3890,0,12,0,0,396633.804
32,3936,17231,3,3890,0,10,0,0,396633.129
32.6,3936,17249,4,3891,0,7,0,0,396632.433
32.6,3935,17269,5,3890,0,5,0,0,396631.762
33.4,3935,17290,5,3890,0,5,0,0,396631.083
33.4,3935,17310,3,3890,0,4,0,0,396630.406
34.1,3936,17330,4,3890,0,5,0,0,396629.73
34.1,3935,17350,5,3890,0,6,0,0,396629.038
34.1,3935,17370,5,3889,0,4,0,0,396628.363
34.9,3934,17391,3,3889,0,8,0,0,396627.689
34.9,3933,17413,4,3890,0,11,0,0,396627.012
35.7,3934,17433,6,3890,0,11,0,0,396626.319
35.7,3935,17455,5,3889,0,5,0,0,396625.643
35.7,3935,17477,3,3888,0,6,0,0,396624.975
36.5,3936,17498,4,3889,0,6,0,0,396624.298
36.5,3935,17520,6,3889,0,5,0,0,396623.604
37.3,3936,17542,4,3889,0,6,0,0,396622.928
37.3,3936,17563,3,3888,0,8,0,0,396622.259
38.2,3936,17585,4,3888,0,6,0,0,396621.581
38.2,3936,17608,6,3888,0,5,0,0,396620.904
39.1,3935,17630,5,3888,0,5,0,0,396620.207
39.1,3935,17653,3,3888,0,8,0,0,396619.535
39.1,3934,17675,4,3887,0,7,0,0,396618.864
40,3934,17698,5,3888,0,6,0,0,396618.188
40,3934,17721,4,3888,0,8,0,0,396617.491
41,3934,17744,3,3888,0,7,0,0,396616.817
41,3933,17768,5,3888,0,7,0,0,396616.142
41,3933,17791,5,3888,0,8,0,0,396615.459
42.1,3932,17815,4,3889,0,7,0,0,396614.783
42.1,3933,17839,3,3889,0,5,0,0,396614.109
43.1,3933,17863,5,3889,0,6,0,0,396613.434
43.1,3933,17886,6,3888,0,5,0,0,396612.755
44.2,3934,17911,4,3888,0,8,0,0,396612.064
44.2,3934,17935,3,3888,0,7,0,0,396611.39
44.2,3934,17960,5,3888,0,6,0,0,396610.711
45.3,3935,17984,6,3889,0,6,0,0,396610.032
45.3,3935,18008,3,3888,0,6,0,0,396609.354
46.4,3936,18034,3,3889,0,7,0,0,396608.681
46.4,3936,18059,5,3889,0,8,0,0,396607.986
47.6,3936,18084,6,3890,0,6,0,0,396607.311
47.6,3936,18110,4,3889,0,8,0,0,396606.654
47.6,3936,18135,4,3889,0,6,0,0,396605.953
48.8,3936,18161,5,3890,0,7,0,0,396605.276
48.8,3936,18186,5,3890,0,8,0,0,396604.586
50.1,3936,18214,4,3890,0,7,0,0,396603.91
50.1,3936,18239,3,3889,0,8,0,0,396603.233
51.4,3935,18265,5,3889,0,7,0,0,396602.559
51.4,3936,18292,5,3889,0,8,0,0,396601.882
51.4,3936,18317,4,3890,0,8,0,0,396601.209
52.7,3936,18345,4,3889,0,6,0,0,396600.516
52.7,3935,18371,5,3889,0,7,0,0,396599.842
54.2,3935,18398,5,3890,0,8,0,0,396599.166
54.2,3935,18425,3,3890,0,7,0,0,396598.49
55.6,3935,18452,3,3889,0,7,0,0,396597.813
55.6,3935,18480,6,3889,0,8,0,0,396597.119
55.6,3935,18508,5,3889,0,7,0,0,396596.443
57.1,3935,18534,3,3889,0,8,0,0,396595.765
57.1,3934,18562,3,3889,0,7,0,0,396595.092
58.6,3935,18590,5,3889,0,6,0,0,396594.412
58.6,3934,18617,5,3888,0,8,0,0,396593.736
58.6,3934,18645,3,3888,0,9,0,0,396593.048
60.2,3934,18674,4,3888,0,7,0,0,396592.371
60.2,3934,18700,6,3888,0,9,0,0,396591.699
61.9,3933,18729,5,3887,0,7,0,0,396591.019
61.9,3933,18757,4,3888,0,8,0,0,396590.322
63.6,3932,18786,4,3888,0,6,0,0,396589.646
63.6,3933,18814,5,3888,0,8,0,0,396588.966
63.6,3932,18842,5,3889,0,9,0,0,396588.29
65.4,3932,18872,3,3889,0,8,0,0,396587.613
65.4,3933,18901,4,3889,0,8,0,0,396586.94
67.2,3933,18929,5,3889,0,8,0,0,396586.264
67.2,3933,18958,5,3889,0,7,0,0,396585.646
69.1,3933,18988,3,3889,0,7,0,0,396584.89
69.1,3934,19015,4,3889,0,7,0,0,396584.215
69.1,3934,19045,6,3890,0,8,0,0,396583.541
71.1,3935,19075,5,3889,0,7,0,0,396582.866
71.1,3935,19104,4,3890,0,8,0,0,396582.193
73.1,3935,19133,4,3890,0,7,0,0,396581.499
73.1,3936,19163,5,3890,0,8,0,0,396580.827
75.3,3936,19192,5,3890,0,8,0,0,396580.153
75.3,3937,19222,4,3890,0,8,0,0,396579.458
75.3,3937,19252,4,3890,0,7,0,0,396578.781
77.5,3938,19281,6,3890,0,6,0,0,396578.118
77.5,3938,19311,5,3891,0,7,0,0,396577.421
79.7,3938,19342,3,3892,0,9,0,0,396576.743
79.7,3939,19371,5,3891,0,9,0,0,396576.067
82,3938,19401,5,3891,0,8,0,0,396575.39
82,3938,19431,4,3891,0,9,0,0,396574.718
82,3938,19461,3,3891,0,8,0,0,396574.023
84.5,3938,19491,4,3891,0,8,0,0,396573.348
84.5,3937,19521,6,3891,0,8,0,0,396572.673
86.9,3936,19551,4,3891,0,9,0,0,396572.003
86.9,3935,19582,3,3892,0,9,0,0,396571.309
86.9,3935,19613,5,3892,0,7,0,0,396570.636
89.6,3934,19643,6,3892,0,7,0,0,396569.96
89.6,3934,19673,4,3892,0,7,0,0,396569.285
92.2,3934,19703,3,3893,0,7,0,0,396568.594
92.2,3934,19734,5,3893,0,8,0,0,396567.918
95,3933,19764,6,3894,0,8,0,0,396567.242
95,3932,19794,4,3894,0,7,0,0,396566.556
95,3932,19825,3,3893,0,8,0,0,396565.875
97.8,3931,19855,5,3893,0,8,0,0,396565.21
97.8,3932,19884,6,3892,0,8,0,0,396564.527
100.8,3932,19915,5,3892,0,8,0,0,396563.838
100.8,3932,19946,3,3892,0,8,0,0,396563.172
103.9,3933,19976,5,3893,0,8,0,0,396562.49
103.9,3933,20006,6,3892,0,8,0,0,396561.816
103.9,3932,20036,4,3892,0,8,0,0,396561.133
107,3932,20067,4,3893,0,9,0,0,396560.457
107,3931,20097,6,3892,0,7,0,0,396559.78
110.3,3932,20127,5,3892,0,8,0,0,396559.09
110.3,3932,20157,3,3893,0,7,0,0,396558.408
113.7,3931,20187,4,3893,0,7,0,0,396557.727
113.7,3931,20217,6,3893,0,9,0,0,396557.063
113.7,3932,20247,5,3893,0,8,0,0,396556.381
117.2,3932,20278,3,3892,0,7,0,0,396555.687
117.2,3932,20308,4,3892,0,9,0,0,396555.008
120.8,3932,20338,6,3892,0,8,0,0,396554.335
120.8,3932,20369,5,3892,0,9,0,0,396553.679
124.6,3933,20399,3,3892,0,8,0,0,396552.994
124.6,3933,20429,4,3893,0,8,0,0,396552.309
124.6,3934,20459,6,3893,0,7,0,0,396551.631
128.5,3934,20489,5,3893,0,7,0,0,396550.934
128.5,3934,20518,3,3894,0,8,0,0,396550.264
131,3934,20548,5,3893,0,7,0,0,396549.581
131,3934,20579,6,3894,0,7,0,0,396548.904
133,3934,20608,4,3893,0,8,0,0,396548.234
135.1,3935,20638,4,3893,0,7,0,0,396547.541
137.2,3937,20667,5,3893,0,8,0,0,396546.861
139.4,3936,20696,5,3893,0,8,0,0,396546.192
139.4,3936,20725,4,3893,0,7,0,0,396545.502
141.5,3936,20755,4,3894,0,7,0,0,396544.824
143.7,3936,20784,5,3894,0,8,0,0,396544.149
146.1,3936,20813,6,3894,0,8,0,0,396543.478
148.4,3936,20842,4,3894,0,8,0,0,396542.8
150.7,3935,20871,4,3893,0,8,0,0,396542.141
150.7,3935,20899,6,3895,0,7,0,0,396541.435
153.1,3935,20928,4,3894,0,8,0,0,396540.758
155.5,3935,20956,3,3894,0,8,0,0,396540.073
158,3935,20985,5,3894,0,7,0,0,396539.389
160.5,3935,21013,6,3893,0,7,0,0,396538.724
163.1,3935,21041,4,3893,0,7,0,0,396538.031
165.7,3935,21069,3,3894,0,7,0,0,396537.357
165.7,3936,21097,5,3893,0,7,0,0,396536.681
168.3,3936,21125,6,3894,0,7,0,0,396536
171,3936,21153,4,3893,0,7,0,0,396535.327
173.8,3935,21181,4,3894,0,8,0,0,396534.637
176.6,3935,21209,6,3894,0,7,0,0,396533.964
179.3,3935,21236,5,3895,0,7,0,0,396533.281
179.3,3936,21264,3,3895,0,7,0,0,396532.612
182.2,3937,21291,4,3895,0,6,0,0,396531.927
185.2,3937,21318,6,3894,0,7,0,0,396531.249
188.1,3936,21345,5,3894,0,7,0,0,396530.569
191.2,3936,21372,3,3894,0,8,0,0,396529.893
194.4,3936,21398,5,3894,0,7,0,0,396529.22
197.4,3936,21424,6,3895,0,6,0,0,396528.541
197.4,3937,21450,4,3895,0,8,0,0,396527.861
200.7,3936,21477,3,3895,0,7,0,0,396527.166
203.9,3936,21503,5,3895,0,6,0,0,396526.488
207.2,3937,21529,6,3896,0,7,0,0,396525.811
210.6,3937,21556,4,3896,0,7,0,0,396525.138
214.1,3937,21582,4,3895,0,6,0,0,396524.462
217.6,3937,21607,5,3896,0,7,0,0,396523.784
217.6,3937,21633,6,3896,0,8,0,0,396523.108
221.2,3937,21658,4,3896,0,6,0,0,396522.41
224.8,3937,21683,4,3897,0,5,0,0,396521.732
228.5,3937,21708,6,3897,0,7,0,0,396521.051
232.3,3937,21733,5,3896,0,7,0,0,396520.376
236.1,3937,21757,4,3896,0,6,0,0,396519.695
236.1,3936,21782,4,3896,0,6,0,0,396519.02
240,3937,21807,6,3896,0,6,0,0,396518.341
243.8,3937,21830,6,3896,0,6,0,0,396517.673
247.9,3938,21855,3,3897,0,7,0,0,396516.992
252,3938,21879,4,3897,0,7,0,0,396516.316
256.3,3939,21903,6,3899,0,8,0,0,396515.632
260.5,3940,21926,5,3899,0,6,0,0,396514.956
260.5,3940,21950,4,3900,0,6,0,0,396514.261
264.8,3940,21973,5,3900,0,6,0,0,396513.584
269.1,3940,21996,6,3899,0,6,0,0,396512.908
273.6,3941,22019,5,3900,0,6,0,0,396512.222
278.3,3940,22042,4,3900,0,5,0,0,396511.547
282.8,3941,22064,5,3900,0,6,0,0,396510.87
282.8,3941,22087,6,3900,0,6,0,0,396510.202
287.6,3941,22110,4,3901,0,5,0,0,396509.516
292.4,3941,22131,3,3900,0,5,0,0,396508.837
297.3,3941,22153,4,3901,0,5,0,0,396508.159
302.3,3942,22175,6,3901,0,5,0,0,396507.499
307.4,3942,22197,4,3901,0,5,0,0,396506.79
312.5,3942,22218,4,3902,0,6,0,0,396506.113
312.5,3942,22239,5,3902,0,7,0,0,396505.435
317.8,3942,22260,6,3901,0,7,0,0,396504.758
323,3943,22282,5,3902,0,6,0,0,396504.081
328.5,3943,22302,4,3902,0,6,0,0,396503.411
334.2,3943,22322,6,3902,0,6,0,0,396502.731
339.9,3943,22343,5,3903,0,5,0,0,396502.035
345.7,3943,22363,4,3903,0,5,0,0,396501.364
345.7,3944,22383,3,3903,0,6,0,0,396500.684
351.5,3943,22402,5,3903,0,6,0,0,396500.008
357.5,3943,22422,6,3903,0,5,0,0,396499.317
363.5,3943,22442,4,3903,0,5,0,0,396498.643
369.8,3943,22461,4,3903,0,6,0,0,396497.969
376.1,3942,22480,6,3904,0,5,0,0,396497.291
376.1,3942,22499,6,3904,0,5,0,0,396496.6
382.4,3942,22518,4,3904,0,5,0,0,396495.924
388.9,3941,22536,3,3904,0,8,0,0,396495.248
395.6,3941,22554,5,3904,0,5,0,0,396494.568
402.4,3941,22573,5,3904,0,5,0,0,396493.886
409.3,3941,22592,4,3903,0,5,0,0,396493.211
416.2,3941,22608,4,3903,0,6,0,0,396492.54
416.2,3941,22626,6,3904,0,5,0,0,396491.859
423.4,3941,22644,6,3904,0,6,0,0,396491.179
430.5,3940,22661,3,3903,0,6,0,0,396490.501
438,3940,22679,4,3903,0,4,0,0,396489.82
445.6,3939,22695,6,3903,0,5,0,0,396489.146
453.2,3940,22711,5,3903,0,4,0,0,396488.464
453.2,3940,22728,4,3903,0,4,0,0,396487.777
460.9,3940,22745,4,3903,0,4,0,0,396487.101
468.9,3939,22761,6,3903,0,5,0,0,396486.42
477.1,3939,22777,5,3904,0,4,0,0,396485.74
485.4,3939,22794,3,3903,0,4,0,0,396485.064
493.9,3942,22809,5,3903,0,4,0,0,396484.387
502.2,3943,22825,6,3904,0,4,0,0,396483.708
502.2,3943,22841,4,3903,0,4,0,0,396483.03
510.9,3943,22856,3,3902,0,4,0,0,396482.351
520,3943,22872,6,3902,0,4,0,0,396481.673
530.3,3943,22888,6,3903,0,5,0,0,396480.996
541.5,3943,22906,4,3902,0,7,0,0,396480.303
553,3943,22924,4,3903,0,5,0,0,396479.621
553,3942,22942,6,3902,0,6,0,0,396478.951
564.9,3940,22959,5,3902,0,6,0,0,396478.272
577.1,3941,22977,3,3901,0,6,0,0,396477.589
589.4,3941,22994,4,3901,0,4,0,0,396476.919
602.3,3941,23011,6,3902,0,4,0,0,396476.242
615.4,3941,23027,5,3902,0,5,0,0,396475.555
628.7,3941,23044,4,3901,0,5,0,0,396474.872
628.7,3941,23060,4,3901,0,4,0,0,396474.196
642.3,3941,23076,6,3901,0,4,0,0,396473.517
656.1,3941,23092,5,3900,0,5,0,0,396472.837
670.5,3941,23107,3,3900,0,4,0,0,396472.161
685.3,3941,23122,4,3900,0,4,0,0,396471.484
700.4,3941,23138,6,3898,0,6,0,0,396470.809
715.5,3940,23153,4,3899,0,5,0,0,396470.112
715.5,3940,23168,4,3898,0,5,0,0,396469.433
731.2,3939,23182,5,3898,0,7,0,0,396468.757
747.1,3939,23196,6,3898,0,5,0,0,396468.076
763.6,3939,23210,4,3899,0,3,0,0,396467.399
780.6,3939,23224,3,3898,0,3,0,0,396466.725
797.6,3938,23237,6,3898,0,4,0,0,396466.05
797.6,3938,23251,6,3897,0,4,0,0,396465.366
815.2,3938,23264,4,3897,0,5,0,0,396464.692
833.3,3937,23277,4,3896,0,4,0,0,396463.998
851.6,3936,23290,6,3896,0,3,0,0,396463.322
870.7,3937,23302,5,3895,0,4,0,0,396462.645
890.3,3935,23316,3,3896,0,4,0,0,396461.968
909.9,3935,23328,4,3896,0,4,0,0,396461.291
909.9,3936,23340,6,3897,0,4,0,0,396460.61
930.2,3935,23352,5,3897,0,3,0,0,396459.937
950.7,3935,23363,3,3896,0,3,0,0,396459.26
972.2,3934,23375,5,3896,0,3,0,0,396458.563
994.2,3933,23386,6,3897,0,3,0,0,396457.903
1017,3933,23398,5,3896,0,2,0,0,396457.205
1040,3933,23409,3,3896,0,3,0,0,396456.527
1040,3933,23420,5,3896,0,3,0,0,396455.852
1063,3932,23431,6,3896,0,3,0,0,396455.175
1087,3933,23442,4,3896,0,4,0,0,396454.497
1112,3933,23452,4,3896,0,2,0,0,396453.818
1138,3933,23462,5,3896,0,4,0,0,396453.146
1163,3934,23473,6,3897,0,2,0,0,396452.451
1163,3934,23483,5,3897,0,5,0,0,396451.779
1190,3935,23492,3,3896,0,4,0,0,396451.105
1217,3935,23503,5,3896,0,5,0,0,396450.43
1245,3934,23512,6,3896,0,4,0,0,396449.75
1274,3935,23523,4,3896,0,4,0,0,396449.059
1303,3935,23532,3,3896,0,4,0,0,396448.384
1342,3935,23542,5,3896,0,3,0,0,396447.707
1342,3937,23550,6,3896,0,4,0,0,396447.03
1350,3936,23560,4,3895,0,2,0,0,396446.341
1410,3936,23569,3,3896,0,4,0,0,396445.67
1410,3936,23578,5,3896,0,4,0,0,396444.981
1460,3936,23587,6,3895,0,2,0,0,396444.312
1460,3936,23595,4,3895,0,4,0,0,396443.625
1510,3934,23602,4,3894,0,4,0,0,396442.952
1510,3934,23612,5,3893,0,3,0,0,396442.266
1590,3934,23620,6,3893,0,5,0,0,396441.601
1590,3933,23627,4,3895,0,4,0,0,396440.91
1670,3932,23636,3,3893,0,3,0,0,396440.239
1670,3932,23650,6,3892,0,2,0,0,396439.055
1770,3931,23658,6,3891,0,3,0,0,396438.365
1850,3932,23672,4,3891,0,3,0,0,396437.197
1850,3932,23680,4,3890,0,4,0,0,396436.525
1850,3931,23687,6,3891,0,3,0,0,396435.834
1940,3932,23695,5,3891,0,3,0,0,396435.167
2020,3931,23708,4,3891,0,4,0,0,396433.975
2020,3931,23713,4,3891,0,5,0,0,396433.3
2100,3931,23722,6,3891,0,4,0,0,396432.131
2100,3932,23727,5,3890,0,3,0,0,396431.438
2180,3932,23733,3,3890,0,4,0,0,396430.77
2180,3931,23737,5,3890,0,3,0,0,396430.093
2260,3930,23747,6,3890,0,2,0,0,396428.904
2260,3931,23752,4,3890,0,3,0,0,396428.235
2350,3932,23761,3,3890,0,3,0,0,396427.049
2350,3933,23764,5,3890,0,3,0,0,396426.36
2440,3933,23773,6,3890,0,3,0,0,396425.189
2440,3932,23777,4,3889,0,2,0,0,396424.517
2540,3932,23785,4,3890,0,3,0,0,396423.322
2630,3931,23790,6,3890,0,2,0,0,396422.651
2630,3933,23797,5,3889,0,3,0,0,396421.477
2730,3933,23802,3,3889,0,3,0,0,396420.785
2730,3933,23805,4,3889,0,4,0,0,396420.11
2840,3933,23811,6,3889,0,3,0,0,396418.935
2840,3933,23815,5,3889,0,4,0,0,396418.262
2950,3934,23819,4,3888,0,2,0,0,396417.567
3060,3932,23826,5,3888,0,2,0,0,396416.389
3060,3933,23829,5,3887,0,2,0,0,396415.718
3060,3932,23834,4,3888,0,2,0,0,396415.048
3180,3930,23840,4,3887,0,2,0,0,396413.862
3290,3930,23843,5,3888,0,2,0,0,396413.171
3290,3930,23850,5,3887,0,3,0,0,396411.997
3420,3931,23853,4,3887,0,2,0,0,396411.325
3420,3931,23856,5,3887,0,3,0,0,396410.65
3550,3931,23861,6,3887,0,2,0,0,396409.456
3550,3931,23864,5,3886,0,2,0,0,396408.78
3650,3932,23867,4,3885,0,2,0,0,396407.61
3740,3932,23869,5,3885,0,2,0,0,396406.92
3740,3930,23872,6,3886,0,3,0,0,396405.751
3830,3931,23874,3,3886,0,2,0,0,396405.063
3830,3932,23876,4,3885,0,2,0,0,396404.395
3920,3933,23879,5,3886,0,2,0,0,396403.203
3920,3933,23881,6,3886,0,1,0,0,396402.532
4010,3931,23884,3,3887,0,1,0,0,396401.347
4010,3932,23886,5,3885,0,4,0,0,396400.677
4110,3931,23890,7,3886,0,1,0,0,396399.485
4210,3931,23891,5,3886,0,1,0,0,396398.814
4210,3930,23894,4,3886,0,2,0,0,396397.627
4310,3930,23896,5,3886,0,2,0,0,396396.96
4310,3929,23899,6,3886,0,3,0,0,396395.772
4420,3929,23900,4,3885,0,2,0,0,396395.098
4520,3929,23902,4,3886,0,1,0,0,396393.914
4520,3929,23904,6,3885,0,2,0,0,396393.243
4630,3929,23907,5,3886,0,3,0,0,396392.055
4630,3929,23908,4,3885,0,4,0,0,396391.389
4750,3928,23910,4,3886,0,2,0,0,396390.196
4750,3928,23912,6,3885,0,3,0,0,396389.523
4870,3928,23914,5,3884,0,2,0,0,396388.338
5000,3928,23916,3,3885,0,3,0,0,396387.665
5000,3927,23918,4,3884,0,3,0,0,396386.978
5120,3927,23920,5,3885,0,2,0,0,396385.809
5120,3927,23922,4,3885,0,4,0,0,396385.119
5260,3927,23925,4,3885,0,3,0,0,396383.952
5260,3926,23926,6,3885,0,3,0,0,396383.262
5390,3926,23928,6,3885,0,2,0,0,396382.597
5390,3927,23930,4,3886,0,3,0,0,396381.414
5530,3926,23932,4,3886,0,4,0,0,396380.723
5670,3927,23935,6,3886,0,4,0,0,396379.552
5670,3926,23937,5,3886,0,2,0,0,396378.881
5670,3926,23938,3,3887,0,2,0,0,396378.189
5820,3927,23941,5,3888,0,2,0,0,396377.017
5970,3927,23943,6,3887,0,1,0,0,396376.344
5970,3928,23945,4,3889,0,1,0,0,396375.658
6140,3928,23948,3,3889,0,2,0,0,396374.474
6140,3928,23950,5,3888,0,2,0,0,396373.804
6310,3928,23951,6,3889,0,2,0,0,396373.115
6310,3929,23954,4,3889,0,3,0,0,396371.936
6470,3930,23956,3,3889,0,4,0,0,396371.25
6650,3930,23959,6,3889,0,2,0,0,396370.082
6650,3930,23961,5,3889,0,2,0,0,396369.413
6840,3930,23963,4,3889,0,1,0,0,396368.222
6840,3929,23964,4,3889,0,3,0,0,396367.535
7020,3929,23967,6,3889,0,1,0,0,396366.865
7020,3928,23970,5,3889,0,2,0,0,396365.681
7220,3927,23971,4,3890,0,2,0,0,396365.008
7220,3927,23972,5,3889,0,1,0,0,396364.317
7430,3926,23976,6,3889,0,2,0,0,396363.153
7430,3927,23977,5,3889,0,2,0,0,396362.464
7650,3926,23979,4,3889,0,2,0,0,396361.797
7650,3926,23981,5,3888,0,3,0,0,396360.609
7860,3926,23983,6,3891,0,3,0,0,396359.931
7860,3926,23985,4,3891,0,1,0,0,396359.261
8090,3924,23987,4,3891,0,1,0,0,396358.071
8090,3924,23988,6,3891,0,3,0,0,396357.405
8330,3924,23992,6,3892,0,3,0,0,396356.212
8570,3925,23993,4,3891,0,2,0,0,396355.534
8570,3925,23995,4,3891,0,2,0,0,396354.861
8810,3926,23997,6,3893,0,3,0,0,396353.669
8810,3927,23999,5,3892,0,2,0,0,396352.997
8890,3927,23998,3,3893,0,4,0,0,396352.324
8890,3927,23998,5,3892,0,2,0,0,396351.134
8970,3923,23999,6,3892,3,3,0,0,396350.464
9040,3926,24000,4,3892,0,2,0,0,396349.276
9040,3926,24000,4,3891,0,2,0,0,396348.603
9120,3925,24001,6,3891,0,1,0,0,396347.43
9120,3924,24000,5,3892,0,1,0,0,396346.736
9200,3925,24001,3,3891,0,3,0,0,396346.065
9200,3925,24002,5,3892,0,2,0,0,396344.894
9280,3925,24002,6,3893,0,2,0,0,396344.203
9280,3926,24002,4,3893,0,4,0,0,396343.532
9360,3926,24003,4,3891,0,2,0,0,396342.341
9360,3925,24004,6,3892,0,3,0,0,396341.671
9440,3925,24004,6,3892,0,2,0,0,396340.981
9440,3924,24004,3,3892,0,2,0,0,396339.819
9520,3925,24004,4,3892,0,2,0,0,396339.124
9520,3925,24005,6,3893,0,4,0,0,396338.453
9600,3926,24005,4,3894,0,1,0,0,396337.282
9600,3925,24005,4,3894,0,2,0,0,396336.595
9680,3925,24005,5,3894,0,3,0,0,396335.923
9770,3925,24006,6,3896,0,2,0,0,396334.73
9770,3925,24007,4,3895,0,2,0,0,396334.056
9770,3926,24007,4,3895,0,2,0,0,396333.374
9850,3926,24008,6,3895,0,2,0,0,396332.202
9940,3926,24009,5,3895,0,3,0,0,396331.526
9940,3927,24009,3,3895,0,2,0,0,396330.34
10020,3928,24010,5,3896,0,2,0,0,396329.67
10110,3930,24010,6,3897,0,1,0,0,396328.485
10110,3931,24010,4,3898,0,3,0,0,396327.8
10110,3931,24011,3,3898,0,3,0,0,396327.128
10200,3931,24012,5,3898,0,2,0,0,396325.946
10260,3931,24013,6,3898,0,2,0,0,396325.276
10420,3931,24015,6,3899,0,3,0,0,396322.728
10420,3931,24014,5,3898,0,2,0,0,396321.56
10510,3931,24014,3,3899,0,3,0,0,396320.873
10510,3931,24015,4,3898,0,4,0,0,396320.183
10610,3932,24015,6,3899,0,3,0,0,396319.014
10610,3932,24016,4,3900,0,3,0,0,396318.326
10700,3932,24016,3,3900,0,2,0,0,396317.157
10800,3932,24017,6,3900,0,1,0,0,396316.465
10800,3932,24018,6,3900,0,2,0,0,396315.799
10900,3930,24018,4,3901,0,2,0,0,396314.615
10900,3930,24018,4,3901,0,2,0,0,396313.94
11000,3931,24019,6,3902,0,3,0,0,396312.751
11000,3933,24019,6,3904,0,3,0,0,396312.08
11090,3934,24019,3,3897,0,1,0,0,396311.39
11090,3934,24020,5,3896,0,2,0,0,396310.226
11190,3933,24021,6,3895,0,2,0,0,396309.539
11190,3932,24021,4,3895,0,2,0,0,396308.871
11290,3932,24021,4,3895,0,1,0,0,396307.685
11290,3931,24022,6,3895,0,2,0,0,396307.012
11390,3931,24022,6,3895,0,4,0,0,396306.326
11490,3930,24022,4,3894,0,2,0,0,396305.142
11490,3931,24023,4,3894,0,1,0,0,396304.456
11490,3931,24023,5,3893,0,1,0,0,396303.788
11600,3930,24024,5,3893,0,2,0,0,396302.617
11700,3930,24023,3,3892,0,3,0,0,396301.932
11700,3930,24025,5,3891,0,4,0,0,396300.747
11810,3929,24025,6,3891,0,4,0,0,396300.08
11810,3929,24025,4,3892,0,3,0,0,396299.389
11920,3928,24027,4,3890,0,2,0,0,396298.203
11920,3929,24026,6,3889,0,2,0,0,396297.535
12030,3928,24027,5,3890,0,1,0,0,396296.854
12140,3928,24028,3,3889,0,2,0,0,396295.671
12140,3929,24028,4,3887,0,3,0,0,396294.999
12140,3928,24029,6,3888,0,2,0,0,396294.31
12250,3927,24029,4,3888,0,2,0,0,396293.129
12360,3927,24030,3,3888,0,3,0,0,396292.458
12360,3927,24031,5,3888,0,1,0,0,396291.27
12480,3927,24031,6,3887,0,2,0,0,396290.604
12480,3927,24032,4,3888,0,3,0,0,396289.421
12590,3927,24032,4,3887,0,2,0,0,396288.738
12710,3927,24034,6,3887,0,3,0,0,396287.557
12710,3926,24034,6,3887,0,3,0,0,396286.885
12710,3926,24035,4,3886,0,2,0,0,396286.214
12830,3927,24035,4,3886,0,2,0,0,396285.028
12950,3926,24036,6,3886,0,1,0,0,396284.358
12950,3927,24037,5,3888,0,2,0,0,396283.174
13070,3927,24038,4,3888,0,3,0,0,396282.483
13070,3928,24038,4,3888,0,1,0,0,396281.807
13200,3929,24039,6,3889,0,3,0,0,396280.631
13200,3929,24040,5,3889,0,2,0,0,396279.959
13280,3929,24040,3,3889,0,2,0,0,396279.269
13340,3929,24042,6,3889,0,2,0,0,396278.1
13410,3929,24042,6,3889,0,3,0,0,396277.404
13470,3930,24043,4,3889,0,2,0,0,396276.236
13530,3929,24044,3,3890,0,1,0,0,396275.545
13590,3930,24045,6,3889,0,2,0,0,396274.875
13720,3931,24045,6,3889,0,1,0,0,396273.704
13720,3930,24046,4,3889,0,2,0,0,396273.015
13790,3930,24046,4,3889,0,3,0,0,396272.341
13930,3929,24047,6,3889,0,3,0,0,396271.156
13990,3929,24047,5,3889,0,2,0,0,396270.482
13990,3929,24049,3,3889,0,2,0,0,396269.807
14120,3929,24049,4,3889,0,1,0,0,396268.619
14190,3928,24049,6,3888,0,2,0,0,396267.942
14260,3929,24050,5,3889,0,2,0,0,396266.763
14330,3928,24050,4,3890,0,1,0,0,396266.075
14400,3928,24050,5,3889,0,3,0,0,396265.405
14480,3928,24051,5,3889,0,3,0,0,396264.22
14540,3928,24052,4,3889,0,3,0,0,396263.553
14610,3929,24052,4,3889,0,2,0,0,396262.861
14760,3929,24052,6,3889,0,3,0,0,396261.69
14760,3928,24052,6,3889,0,4,0,0,396261.007
14830,3927,24052,4,3890,0,3,0,0,396260.338
14980,3928,24052,4,3890,0,2,0,0,396259.157
15050,3928,24054,6,3888,0,1,0,0,396258.462
15050,3928,24053,5,3889,0,2,0,0,396257.79
15200,3927,24054,4,3888,0,4,0,0,396256.61
15270,3927,24055,5,3888,0,3,0,0,396255.942
15350,3927,24056,6,3887,0,2,0,0,396254.756
15430,3928,24055,5,3887,0,2,0,0,396254.071
15510,3929,24056,3,3890,0,2,0,0,396253.393
15590,3927,24056,5,3890,0,2,0,0,396252.222
15670,3927,24057,6,3889,0,2,0,0,396251.53
15750,3928,24057,4,3889,0,4,0,0,396250.864
15910,3929,24057,4,3887,0,2,0,0,396249.68
15910,3930,24057,6,3887,0,3,0,0,396248.992
16070,3931,24058,5,3887,0,2,0,0,396247.821
16150,3932,24057,3,3887,0,2,0,0,396247.133
16240,3931,24059,5,3888,0,1,0,0,396245.968
16330,3932,24059,6,3887,0,2,0,0,396245.279
16410,3932,24060,4,3887,0,3,0,0,396244.608
16490,3931,24060,4,3887,0,1,0,0,396243.418
16570,3931,24060,6,3887,0,2,0,0,396242.788
16660,3931,24060,6,3886,0,3,0,0,396242.074
16840,3929,24061,4,3888,0,3,0,0,396240.89
16840,3928,24061,5,3887,0,2,0,0,396240.201
17010,3928,24062,6,3888,0,1,0,0,396239.032
17100,3928,24062,5,3889,0,2,0,0,396238.362
17190,3928,24063,3,3889,0,1,0,0,396237.682
17280,3928,24063,5,3889,0,2,0,0,396236.5
17370,3928,24063,6,3889,0,3,0,0,396235.806
17470,3929,24063,4,3889,0,2,0,0,396234.635
17560,3928,24064,4,3888,0,1,0,0,396233.958
17640,3928,24064,6,3888,0,3,0,0,396233.283
17840,3927,24064,5,3888,0,2,0,0,396232.101
17840,3927,24064,4,3888,0,3,0,0,396231.425
17940,3927,24065,4,3889,0,2,0,0,396230.748
18140,3928,24065,6,3889,0,1,0,0,396229.558
18230,3928,24066,5,3890,0,1,0,0,396228.886
18230,3929,24066,4,3888,0,2,0,0,396228.203
18430,3931,24067,4,3888,0,4,0,0,396227.013
18520,3928,24067,6,3887,0,2,0,0,396226.341
18620,3929,24068,4,3888,0,4,0,0,396225.16
18730,3929,24068,4,3888,0,2,0,0,396224.488
18830,3929,24068,5,3888,0,3,0,0,396223.798
18940,3928,24069,5,3889,0,2,0,0,396222.627
19040,3929,24069,4,3889,0,1,0,0,396221.954
19150,3928,24070,4,3888,0,1,0,0,396221.262
19370,3928,24071,7,3889,0,1,0,0,396220.092
19370,3927,24070,5,3889,0,2,0,0,396219.416
19470,3927,24071,3,3889,0,1,0,0,396218.724
19690,3928,24072,5,3890,0,3,0,0,396217.558
19800,3928,24073,6,3889,0,2,0,0,396216.87
19800,3928,24073,5,3889,0,1,0,0,396216.183
20020,3927,24073,3,3889,0,2,0,0,396215.019
20140,3926,24073,6,3889,0,2,0,0,396214.329
20260,3925,24074,6,3888,0,2,0,0,396213.65
20370,3925,24075,4,3887,0,3,0,0,396212.475
20490,3924,24075,4,3887,0,2,0,0,396211.79
20610,3925,24076,6,3887,0,2,0,0,396211.125
20720,3924,24075,6,3886,0,2,0,0,396209.934
20850,3924,24075,4,3887,0,2,0,0,396209.261
21090,3924,24077,4,3886,0,2,0,0,396208.073
21090,3925,24077,6,3886,0,2,0,0,396207.48
21210,3926,24078,5,3887,0,2,0,0,396206.723
21460,3925,24078,4,3885,0,4,0,0,396205.546
21590,3925,24079,5,3886,0,4,0,0,396204.86
21590,3925,24079,6,3886,0,2,0,0,396204.175
21840,3924,24080,4,3885,0,1,0,0,396203.001
21980,3924,24080,4,3887,0,4,0,0,396202.33
22110,3924,24081,5,3887,0,2,0,0,396201.143
22240,3925,24082,5,3887,0,3,0,0,396200.471
22370,3925,24082,4,3887,0,5,0,0,396199.79
22510,3926,24084,4,3888,0,2,0,0,396198.613
22650,3927,24083,6,3888,0,2,0,0,396197.929
22780,3929,24084,6,3888,0,2,0,0,396197.257
23060,3928,24085,3,3889,0,2,0,0,396196.07
23060,3927,24086,4,3887,0,3,0,0,396195.435
23200,3927,24087,6,3886,0,2,0,0,396194.723
23490,3926,24088,4,3885,0,2,0,0,396193.538
23630,3926,24088,3,3886,0,3,0,0,396192.86
23630,3927,24088,5,3886,0,3,0,0,396192.201
23930,3926,24088,6,3886,0,1,0,0,396191.016
24090,3926,24089,4,3887,0,2,0,0,396190.317
24230,3925,24089,4,3886,0,1,0,0,396189.631
24390,3927,24090,6,3886,0,3,0,0,396188.458
24540,3928,24090,6,3887,0,2,0,0,396187.785
24700,3927,24090,4,3887,0,1,0,0,396187.094
24860,3927,24091,4,3885,0,1,0,0,396185.93
25020,3926,24091,6,3885,0,3,0,0,396185.328
25180,3925,24092,5,3886,0,2,0,0,396184.119
25340,3926,24093,3,3886,0,2,0,0,396183.374
25510,3925,24093,4,3886,0,2,0,0,396182.712
25850,3927,24094,6,3887,0,2,0,0,396181.516
26020,3926,24094,5,3886,0,2,0,0,396180.842
26020,3926,24095,4,3888,0,2,0,0,396180.159
26370,3927,24095,6,3889,0,2,0,0,396178.986
26540,3927,24095,6,3890,0,2,0,0,396178.319
26710,3928,24096,4,3889,0,2,0,0,396177.14
26900,3928,24097,4,3889,0,1,0,0,396176.454
27080,3928,24098,6,3889,0,2,0,0,396175.293
27270,3927,24098,5,3888,0,2,0,0,396174.588
27460,3928,24098,4,3888,0,2,0,0,396173.918
27840,3926,24099,5,3888,0,2,0,0,396172.736
28020,3926,24100,6,3888,0,2,0,0,396172.05
28020,3927,24100,5,3888,0,2,0,0,396171.375
28410,3927,24101,3,3890,0,2,0,0,396170.199
28620,3927,24101,6,3890,0,4,0,0,396169.525
28820,3928,24103,6,3888,0,2,0,0,396168.335
29020,3928,24103,4,3888,0,3,0,0,396167.66
29440,3928,24103,4,3888,0,2,0,0,396166.477
29440,3928,24103,6,3888,0,2,0,0,396165.807
29650,3928,24103,5,3889,0,2,0,0,396165.116
30080,3928,24105,3,3889,0,3,0,0,396163.941
30300,3928,24105,5,3888,0,2,0,0,396163.267
30300,3928,24106,6,3888,0,3,0,0,396162.578
30740,3929,24106,4,3887,0,2,0,0,396161.409
30980,3929,24107,4,3889,0,2,0,0,396160.736
31200,3931,24108,5,3888,0,2,0,0,396160.057
31200,3931,24109,6,3888,0,4,0,0,396159.369
31670,3931,24109,3,3889,0,2,0,0,396158.199
31910,3930,24110,5,3888,0,1,0,0,396157.508
32160,3930,24111,6,3888,0,2,0,0,396156.829
32400,3929,24112,4,3889,0,2,0,0,396155.644
32650,3930,24112,4,3889,0,2,0,0,396154.974
32900,3932,24113,6,3887,0,2,0,0,396153.8
33160,3932,24114,5,3887,0,2,0,0,396153.109
33420,3933,24114,4,3887,0,2,0,0,396152.436
33940,3933,24114,4,3887,0,2,0,0,396151.251
33940,3932,24115,6,3887,0,3,0,0,396150.586
34210,3932,24116,6,3887,0,2,0,0,396149.894
34760,3931,24117,3,3888,0,2,0,0,396148.719
35040,3931,24117,4,3888,0,2,0,0,396148.049
35040,3930,24117,6,3888,0,2,0,0,396147.353
35620,3930,24118,5,3889,0,2,0,0,396146.178
35910,3930,24119,4,3889,0,2,0,0,396145.505
36210,3931,24120,5,3889,0,1,0,0,396144.317
36510,3932,24120,6,3890,0,1,0,0,396143.635
36820,3933,24121,5,3889,0,2,0,0,396142.958
37130,3934,24121,4,3890,0,1,0,0,396141.789
37440,3935,24122,6,3890,0,2,0,0,396141.105
38090,3935,24123,5,3890,0,1,0,0,396139.933
38410,3935,24124,4,3891,0,1,0,0,396139.245
38410,3935,24124,4,3891,0,2,0,0,396138.561
39100,3937,24125,6,3891,0,2,0,0,396137.4
39440,3937,24126,6,3890,0,1,0,0,396136.709
39790,3937,24126,3,3890,0,3,0,0,396136.03
40150,3935,24126,4,3890,0,1,0,0,396134.859
40510,3934,24127,6,3890,0,2,0,0,396134.164
40880,3935,24127,5,3890,0,2,0,0,396133.494
41250,3935,24128,4,3890,0,2,0,0,396132.305
41630,3934,24129,5,3891,0,1,0,0,396131.636
42020,3933,24129,6,3891,0,1,0,0,396130.965
42410,3932,24130,4,3891,0,2,0,0,396129.774
42810,3933,24131,3,3891,0,2,0,0,396129.095
43640,3932,24131,6,3892,0,2,0,0,396127.924
44050,3931,24132,6,3891,0,1,0,0,396127.235
44050,3931,24133,3,3891,0,2,0,0,396126.561
44920,3931,24134,4,3892,0,3,0,0,396125.375
45360,3931,24135,6,3892,0,3,0,0,396124.707
45820,3931,24136,5,3892,0,1,0,0,396123.525
46280,3931,24136,3,3893,0,1,0,0,396122.853
47220,3931,24138,5,3892,0,1,0,0,396121.656
47220,3931,24139,6,3893,0,1,0,0,396120.979
48200,3932,24140,4,3894,0,4,0,0,396119.813
48710,3932,24141,3,3895,0,2,0,0,396119.137
49210,3932,24142,5,3895,0,2,0,0,396118.441
49740,3933,24143,6,3895,0,1,0,0,396117.261
50270,3933,24144,4,3895,0,2,0,0,396116.593
50810,3933,24145,4,3895,0,5,0,0,396115.904
51370,3934,24146,6,3895,0,2,0,0,396114.737
51930,3934,24148,6,3895,0,4,0,0,396114.048
52510,3934,24148,4,3895,0,1,0,0,396113.381
53090,3934,24150,4,3896,0,1,0,0,396112.188
53700,3934,24151,6,3896,0,2,0,0,396111.522
54310,3936,24152,6,3896,0,2,0,0,396110.829
55570,3934,24153,4,3895,0,2,0,0,396109.667
55570,3933,24154,5,3895,0,1,0,0,396108.977
56890,3932,24156,6,3894,0,1,0,0,396107.789
57570,3931,24157,5,3895,0,3,0,0,396107.119
58250,3930,24158,3,3895,0,1,0,0,396106.448
58950,3929,24160,4,3895,0,2,0,0,396105.264
59680,3929,24161,6,3895,0,2,0,0,396104.576
60410,3932,24161,5,3895,0,2,0,0,396103.91
61160,3932,24164,4,3896,0,2,0,0,396102.719
61920,3931,24164,5,3896,0,1,0,0,396102.05
62710,3935,24166,6,3898,0,3,0,0,396101.364
63210,3935,24150,4,3898,0,3,0,0,396100.178
63280,3936,24151,4,3898,0,4,0,0,396099.512
63320,3936,24151,5,3897,0,2,0,0,396098.821
63440,3935,24151,6,3897,0,1,0,0,396097.658
63440,3936,24152,5,3897,0,2,0,0,396096.964
63530,3936,24152,4,3897,0,1,0,0,396095.799
63580,3936,24152,5,3896,0,1,0,0,396095.109
63640,3936,24152,6,3897,0,3,0,0,396094.44
63680,3935,24153,4,3897,0,2,0,0,396093.251
63740,3934,24153,4,3898,0,1,0,0,396092.583
63800,3934,24153,6,3897,0,1,0,0,396091.895
63850,3934,24153,6,3897,0,2,0,0,396090.707
63890,3933,24153,4,3896,0,2,0,0,396090.035
63950,3934,24153,4,3896,0,2,0,0,396089.363
64010,3934,24153,6,3896,0,2,0,0,396088.177
64060,3934,24153,5,3896,0,2,0,0,396087.501
64120,3934,24154,4,3896,0,3,0,0,396086.83
64220,3933,24154,4,3896,0,1,0,0,396085.638
64220,3933,24154,6,3896,0,1,0,0,396084.97
64280,3935,24154,5,3896,0,1,0,0,396084.273
64390,3933,24155,4,3897,0,3,0,0,396083.104
64440,3934,24155,5,3898,0,2,0,0,396082.429
64440,3933,24155,6,3897,1,2,0,0,396081.748
64560,3934,24155,5,3897,0,1,0,0,396080.566
64620,3934,24156,4,3897,0,3,0,0,396079.889
64670,3935,24156,5,3897,0,2,0,0,396079.206
64730,3936,24157,6,3897,0,3,0,0,396078.018
64790,3936,24158,5,3897,0,2,0,0,396077.346
64840,3937,24158,4,3897,0,2,0,0,396076.174
64900,3938,24158,5,3897,0,2,0,0,396075.484
64960,3938,24158,6,3897,0,1,0,0,396074.811
65080,3938,24158,4,3897,0,1,0,0,396073.641
65080,3938,24159,4,3897,0,3,0,0,396072.948
65140,3938,24160,5,3897,0,3,0,0,396072.283
65270,3938,24160,6,3897,0,1,0,0,396071.097
65330,3938,24160,4,3897,0,2,0,0,396070.408
65330,3939,24161,3,3897,0,2,0,0,396069.74
65450,3939,24161,6,3898,0,1,0,0,396068.554
65510,3939,24161,6,3897,0,2,0,0,396067.867
65570,3939,24162,4,3899,0,3,0,0,396067.2
65640,3939,24163,4,3899,0,3,0,0,396066.009
65710,3938,24163,6,3900,0,2,0,0,396065.338
65770,3938,24164,5,3900,0,1,0,0,396064.171
65830,3938,24164,4,3899,0,2,0,0,396063.478
65900,3938,24165,4,3899,0,3,0,0,396062.809
66030,3937,24165,6,3899,0,3,0,0,396061.626
66030,3937,24165,5,3899,0,3,0,0,396060.939
66100,3936,24165,4,3899,0,4,0,0,396060.275
66240,3936,24166,5,3899,0,2,0,0,396059.088
66310,3936,24166,6,3899,0,3,0,0,396058.415
66310,3936,24166,5,3898,0,2,0,0,396057.724
66450,3936,24167,3,3898,0,4,0,0,396056.542
66520,3937,24167,5,3898,0,2,0,0,396055.873
66590,3938,24167,6,3899,0,4,0,0,396055.189
66660,3937,24168,5,3899,0,2,0,0,396054.001
66740,3937,24167,3,3898,0,1,0,0,396053.33
66810,3937,24167,5,3898,0,3,0,0,396052.66
66880,3937,24168,6,3898,0,2,0,0,396051.474
66950,3936,24168,4,3898,1,2,0,0,396050.801
67030,3936,24168,4,3898,0,3,0,0,396050.112
67110,3936,24169,5,3898,0,2,0,0,396049.443
67180,3936,24169,5,3898,0,3,0,0,396048.767
67180,3937,24169,4,3898,0,1,0,0,396048.071
67260,3935,24169,4,3898,0,4,0,0,396047.4
67330,3936,24169,6,3898,0,3,0,0,396046.711
67410,3935,24170,6,3898,0,2,0,0,396046.045
67490,3935,24170,4,3897,0,1,0,0,396045.372
67570,3935,24171,3,3897,0,1,0,0,396044.673
67650,3935,24171,5,3897,0,2,0,0,396044.009
67650,3934,24172,6,3897,0,1,0,0,396043.317
67730,3935,24172,4,3897,0,2,0,0,396042.646
67800,3934,24172,3,3897,0,2,0,0,396041.958
67890,3934,24172,5,3897,0,1,0,0,396041.285
67980,3934,24172,6,3895,0,2,0,0,396040.597
68060,3934,24172,5,3896,0,2,0,0,396039.922
68060,3934,24172,3,3896,0,2,0,0,396039.252
68140,3934,24173,5,3896,0,1,0,0,396038.557
68220,3933,24172,6,3895,0,1,0,0,396037.887
68250,3934,24173,5,3894,0,2,0,0,396037.218
68390,3933,24173,3,3895,0,3,0,0,396036.531
68480,3933,24173,5,3895,0,2,0,0,396035.841
68580,3933,24174,6,3895,0,3,0,0,396035.174
68580,3933,24174,5,3895,0,1,0,0,396034.485
68660,3933,24175,3,3895,0,3,0,0,396033.817
68750,3933,24175,5,3895,0,2,0,0,396033.143
68850,3934,24176,6,3896,0,1,0,0,396032.457
68940,3934,24176,5,3896,0,2,0,0,396031.767
69030,3935,24176,4,3897,0,1,0,0,396031.094
69130,3935,24176,4,3897,0,0,0,0,396030.406
69130,3936,24177,5,3897,0,1,0,0,396029.729
69220,3935,24177,6,3898,0,3,0,0,396029.052
69320,3935,24178,3,3898,0,3,0,0,396028.378
69410,3935,24178,4,3897,0,2,0,0,396027.69
69510,3934,24179,6,3897,0,2,0,0,396027.018
69620,3935,24178,6,3896,0,1,0,0,396026.342
69620,3935,24179,4,3896,0,1,0,0,396025.67
69710,3935,24179,4,3896,0,4,0,0,396024.978
69820,3934,24180,5,3895,0,1,0,0,396024.296
69920,3934,24180,6,3896,0,1,0,0,396023.628
70020,3934,24180,4,3895,0,1,0,0,396022.954
70130,3934,24181,3,3895,0,1,0,0,396022.261
70240,3933,24181,5,3896,0,3,0,0,396021.591
70240,3933,24182,6,3895,0,2,0,0,396020.898
70340,3933,24182,4,3896,0,1,0,0,396020.228
70450,3932,24182,4,3895,0,2,0,0,396019.558
70560,3931,24182,5,3895,0,2,0,0,396018.867
70670,3931,24183,6,3895,0,1,0,0,396018.18
70790,3931,24183,5,3895,0,1,0,0,396017.507
70790,3930,24184,3,3895,0,2,0,0,396016.838
70890,3930,24184,5,3895,0,1,0,0,396016.15
71010,3929,24185,6,3895,0,2,0,0,396015.474
71130,3929,24185,5,3895,0,1,0,0,396014.784
71250,3929,24186,4,3895,0,1,0,0,396014.106
71370,3929,24186,5,3895,0,1,0,0,396013.439
71490,3929,24186,6,3896,0,2,0,0,396012.75
71490,3929,24186,5,3896,0,2,0,0,396012.068
71610,3929,24187,4,3895,0,2,0,0,396011.393
71740,3929,24187,5,3897,0,2,0,0,396010.725
71860,3928,24187,5,3895,0,1,0,0,396010.033
71990,3929,24188,6,3895,0,2,0,0,396009.366
72120,3930,24189,5,3895,0,2,0,0,396008.674
72120,3930,24189,3,3895,0,2,0,0,396008.002
72250,3931,24189,5,3895,0,2,0,0,396007.315
72380,3931,24190,6,3895,0,2,0,0,396006.644
72510,3932,24191,5,3895,0,1,0,0,396005.973
72650,3931,24191,4,3895,0,2,0,0,396005.283
72790,3931,24192,4,3895,0,1,0,0,396004.595
72930,3931,24193,6,3895,0,2,0,0,396003.926
72930,3931,24194,6,3895,0,1,0,0,396003.235
73070,3930,24194,4,3894,0,1,0,0,396002.567
73210,3930,24195,4,3894,0,2,0,0,396001.896
73360,3931,24195,5,3895,0,2,0,0,396001.198
73520,3930,24196,6,3895,0,1,0,0,396000.523
73670,3930,24197,5,3895,0,2,0,0,395999.853
73820,3930,24197,4,3895,0,4,0,0,395999.159
73820,3931,24198,4,3895,0,2,0,0,395998.49
73970,3930,24199,6,3895,0,1,0,0,395997.82
74120,3930,24200,5,3895,0,2,0,0,395997.127
74290,3930,24202,4,3895,0,1,0,0,395996.455
74450,3930,24203,4,3895,0,4,0,0,395995.764
74620,3930,24203,6,3895,0,3,0,0,395995.094
74620,3931,24203,5,3895,0,2,0,0,395994.407
74780,3932,24205,4,3894,0,3,0,0,395993.74
74960,3932,24205,3,3893,0,2,0,0,395993.049
75120,3932,24206,6,3893,0,2,0,0,395992.377
75300,3931,24207,5,3893,0,2,0,0,395991.692
75490,3933,24209,5,3893,0,1,0,0,395991.02
75670,3933,24209,3,3894,0,0,0,0,395990.329
75670,3933,24210,5,3894,0,1,0,0,395989.656
75850,3933,24211,5,3894,0,2,0,0,395988.988
76040,3933,24212,5,3893,0,3,0,0,395988.293
76240,3933,24213,4,3895,0,2,0,0,395987.625
76440,3931,24214,4,3895,0,1,0,0,395986.951
76640,3933,24215,6,3895,0,3,0,0,395986.257
76860,3933,24216,5,3895,0,2,0,0,395985.582
76860,3933,24217,4,3895,0,1,0,0,395984.906
77080,3933,24218,4,3896,0,1,0,0,395984.215
77300,3933,24217,6,3896,0,3,0,0,395983.548
77310,3933,24214,5,3896,0,2,0,0,395982.856
77310,3933,24215,4,3897,0,2,0,0,395982.183
77320,3932,24216,4,3896,0,2,0,0,395981.515
77320,3933,24216,6,3896,0,1,0,0,395980.825
77320,3933,24217,5,3896,0,1,0,0,395980.155
77330,3934,24217,4,3897,0,2,0,0,395979.468
77330,3934,24218,3,3897,0,2,0,0,395978.781
77330,3934,24219,4,3897,0,2,0,0,395978.114
77330,3935,24219,6,3897,0,2,0,0,395977.424
77330,3935,24220,5,3897,1,2,0,0,395976.751
77330,3936,24221,3,3897,0,1,0,0,395976.081
77330,3937,24220,4,3898,0,1,0,0,395975.392
77330,3938,24221,6,3898,0,2,0,0,395974.718
77330,3938,24222,6,3897,0,2,0,0,395974.028
77330,3937,24222,4,3897,0,1,0,0,395973.355
77330,3936,24223,3,3897,0,1,0,0,395972.665
77330,3937,24224,5,3897,0,1,0,0,395971.992
77330,3936,24224,7,3897,0,1,0,0,395971.322
77330,3936,24224,5,3896,0,2,0,0,395970.631
77330,3936,24225,4,3897,0,3,0,0,395969.96
77330,3935,24225,4,3897,0,2,0,0,395969.269
77330,3933,24226,6,3897,0,2,0,0,395968.597
77330,3934,24227,6,3896,0,2,0,0,395967.927
77330,3934,24227,3,3897,0,2,0,0,395967.24
77330,3934,24228,4,3897,0,2,0,0,395966.561
77330,3933,24228,6,3896,0,1,0,0,395965.886
77330,3933,24228,6,3897,0,2,0,0,395965.195
77330,3932,24228,4,3897,0,3,0,0,395964.522
77330,3933,24229,4,3897,0,2,0,0,395963.834
77340,3933,24229,5,3897,1,3,0,0,395963.162
77340,3935,24230,6,3897,0,2,0,0,395962.495
77330,3934,24230,5,3897,0,1,0,0,395961.803
77330,3936,24230,4,3897,0,2,0,0,395961.136
77340,3936,24230,4,3897,0,1,0,0,395960.448
77320,3936,24230,6,3898,0,2,0,0,395959.777
77330,3935,24231,6,3897,1,3,0,0,395959.091
77330,3935,24232,4,3897,0,1,0,0,395958.4
77320,3934,24232,3,3897,0,2,0,0,395957.728
77330,3932,24232,5,3896,0,3,0,0,395957.059
77320,3934,24234,6,3894,0,3,0,0,395956.37
