0.607,3894,18994,4,3855,0,1,0,0,230879.366
0.607,3895,18992,4,3855,0,2,0,0,230878.858
0.607,3895,18990,4,3856,0,1,0,0,230878.368
0.606,3894,18985,4,3856,0,1,0,0,230877.871
0.606,3894,18990,4,3856,0,5,0,0,230877.384
0.606,3894,18979,5,3855,0,1,0,0,230876.863
0.604,3895,18973,4,3856,0,2,0,0,230876.367
0.604,3894,18975,5,3855,0,3,0,0,230875.861
0.604,3894,18979,5,3856,0,3,0,0,230875.371
0.602,3896,18972,5,3856,0,5,0,0,230874.856
0.602,3895,18968,5,3855,0,1,0,0,230874.363
0.602,3896,18964,5,3856,0,3,0,0,230873.858
0.601,3895,18959,5,3855,0,3,0,0,230873.428
0.601,3895,18958,5,3856,0,4,0,0,230872.861
0.601,3894,18960,5,3856,0,2,0,0,230872.367
0.599,3895,18956,5,3856,0,1,0,0,230871.852
0.599,3896,18952,6,3856,0,1,0,0,230871.364
0.599,3894,18946,5,3856,0,1,0,0,230870.856
0.599,3897,18945,6,3856,0,2,0,0,230870.366
0.597,3897,18942,5,3855,0,2,0,0,230869.855
0.597,3896,18943,5,3856,0,1,0,0,230869.361
0.597,3897,18935,6,3855,0,2,0,0,230868.866
0.595,3897,18935,5,3856,0,5,0,0,230868.355
0.595,3896,18928,6,3856,0,3,0,0,230867.864
0.595,3897,18926,6,3857,0,2,0,0,230867.357
0.594,3897,18928,6,3856,0,3,0,0,230866.869
0.594,3897,18923,6,3856,0,2,0,0,230866.355
0.594,3897,18915,5,3856,0,2,0,0,230865.864
0.592,3897,18916,6,3856,0,2,0,0,230865.354
0.592,3897,18912,5,3856,0,0,0,0,230864.864
0.592,3898,18908,5,3856,0,2,0,0,230864.359
0.59,3897,18907,5,3856,0,0,0,0,230863.869
0.59,3897,18902,5,3856,0,0,0,0,230863.359
0.59,3897,18904,5,3856,0,1,0,0,230862.87
0.59,3896,18896,5,3856,0,2,0,0,230862.36
0.588,3897,18894,5,3856,0,4,0,0,230861.864
0.588,3897,18893,5,3856,0,2,0,0,230861.36
0.588,3897,18892,4,3856,0,2,0,0,230860.861
0.587,3895,18885,5,3856,0,3,0,0,230860.352
0.587,3897,18882,4,3857,0,1,0,0,230859.862
0.587,3896,18879,4,3857,0,2,0,0,230859.352
0.585,3897,18876,4,3857,0,2,0,0,230858.861
0.585,3897,18873,3,3857,0,1,0,0,230858.368
0.585,3896,18869,4,3857,0,2,0,0,230857.861
0.583,3896,18869,4,3857,0,1,0,0,230857.352
0.583,3897,18860,4,3856,0,2,0,0,230856.859
0.583,3897,18858,3,3856,0,1,0,0,230856.369
0.581,3897,18855,3,3856,0,4,0,0,230855.857
0.581,3897,18853,3,3856,0,3,0,0,230855.367
0.581,3897,18852,3,3857,0,1,0,0,230854.852
0.581,3898,18845,3,3856,0,2,0,0,230854.362
0.579,3898,18842,4,3857,0,1,0,0,230853.892
0.579,3898,18838,3,3856,0,2,0,0,230853.365
0.579,3898,18838,3,3857,0,1,0,0,230852.851
0.577,3897,18832,3,3856,0,1,0,0,230852.361
0.577,3896,18830,3,3857,0,3,0,0,230851.871
0.577,3895,18825,3,3856,0,3,0,0,230851.357
0.575,3896,18824,3,3857,0,0,0,0,230850.857
0.575,3896,18820,3,3857,0,0,0,0,230850.369
0.575,3895,18815,3,3857,0,2,0,0,230849.857
0.573,3896,18811,3,3857,0,3,0,0,230849.369
0.573,3895,18805,3,3857,0,2,0,0,230848.862
0.573,3895,18810,4,3856,0,3,0,0,230848.354
0.571,3893,18805,3,3856,0,3,0,0,230847.864
0.571,3893,18798,4,3856,0,2,0,0,230847.356
0.571,3893,18793,4,3856,0,2,0,0,230846.864
0.571,3893,18788,4,3856,0,2,0,0,230846.35
0.568,3893,18789,4,3856,0,0,0,0,230845.859
0.568,3893,18781,4,3856,0,0,0,0,230845.37
0.568,3892,18779,4,3856,0,1,0,0,230844.86
0.567,3892,18778,3,3855,0,2,0,0,230844.371
0.567,3891,18774,3,3855,0,2,0,0,230843.862
0.567,3891,18770,4,3855,0,3,0,0,230843.351
0.565,3891,18765,4,3856,0,6,0,0,230842.858
0.565,3891,18751,5,3856,0,5,0,0,230842.364
0.565,3890,18758,5,3856,0,5,0,0,230841.855
0.562,3890,18752,5,3856,0,2,0,0,230841.366
0.562,3889,18748,4,3856,0,2,0,0,230840.854
0.562,3889,18744,5,3856,0,2,0,0,230840.364
0.56,3889,18736,5,3857,0,1,0,0,230839.852
0.56,3889,18735,5,3857,0,2,0,0,230839.365
0.56,3889,18733,4,3857,0,2,0,0,230838.854
0.56,3890,18722,5,3857,0,6,0,0,230838.367
0.557,3891,18717,5,3858,0,3,0,0,230837.853
0.557,3891,18720,5,3857,0,3,0,0,230837.363
0.557,3891,18713,5,3858,0,2,0,0,230836.855
0.556,3891,18704,5,3858,0,2,0,0,230836.362
0.556,3892,18701,5,3858,0,1,0,0,230835.852
0.556,3891,18697,5,3858,0,2,0,0,230835.363
0.593,3892,18695,5,3859,0,3,0,0,230834.852
0.593,3891,18745,6,3858,0,5,0,0,230834.364
0.593,3891,18801,6,3858,0,5,0,0,230833.856
0.636,3892,18855,5,3858,0,5,0,0,230833.365
0.636,3892,18913,5,3858,0,4,0,0,230832.857
0.636,3891,18974,6,3859,0,1,0,0,230832.35
0.683,3891,19035,6,3859,0,12,0,0,230831.862
0.683,3891,19087,5,3858,0,7,0,0,230831.351
0.683,3891,19145,6,3858,0,6,0,0,230830.864
0.683,3891,19204,6,3858,0,7,0,0,230830.355
0.734,3891,19265,6,3858,0,3,0,0,230829.866
0.734,3891,19328,5,3858,0,3,0,0,230829.354
0.734,3891,19383,6,3858,0,5,0,0,230828.866
0.789,3891,19445,6,3858,0,5,0,0,230828.36
0.789,3891,19503,6,3858,0,8,0,0,230827.867
0.789,3891,19562,6,3858,0,5,0,0,230827.358
0.849,3891,19621,5,3857,0,2,0,0,230826.855
0.849,3891,19685,6,3857,0,2,0,0,230826.368
0.849,3891,19743,5,3857,0,2,0,0,230825.862
0.914,3891,19802,5,3857,0,1,0,0,230825.354
0.914,3891,19864,6,3857,0,4,0,0,230824.865
0.914,3889,19923,6,3856,0,9,0,0,230824.355
0.985,3889,19981,6,3857,0,4,0,0,230823.866
0.985,3891,20044,5,3856,0,6,0,0,230823.354
0.985,3891,20100,5,3857,0,6,0,0,230822.864
0.985,3892,20161,5,3856,0,3,0,0,230822.351
1.063,3892,20222,5,3856,0,7,0,0,230821.86
1.063,3892,20277,5,3856,0,9,0,0,230821.37
1.063,3892,20339,5,3856,0,9,0,0,230820.857
1.146,3893,20397,5,3856,0,8,0,0,230820.37
1.146,3893,20455,5,3855,0,6,0,0,230819.863
1.146,3893,20515,5,3856,0,5,0,0,230819.356
1.237,3893,20578,5,3856,0,6,0,0,230818.866
1.237,3892,20635,5,3856,0,4,0,0,230818.359
1.237,3892,20694,4,3856,0,3,0,0,230817.87
1.337,3892,20755,5,3855,0,3,0,0,230817.359
1.337,3892,20812,4,3855,0,4,0,0,230816.87
1.337,3892,20872,4,3855,0,3,0,0,230816.358
1.445,3892,20928,4,3854,0,1,0,0,230815.866
1.445,3892,20985,4,3855,0,4,0,0,230815.36
1.445,3892,21041,4,3854,0,4,0,0,230814.868
1.445,3893,21099,3,3855,0,1,0,0,230814.357
1.562,3893,21154,4,3854,0,6,0,0,230813.85
1.562,3891,21211,4,3854,0,3,0,0,230813.361
1.562,3893,21268,4,3854,0,4,0,0,230812.852
1.69,3893,21324,4,3853,0,3,0,0,230812.36
1.69,3894,21378,4,3854,0,7,0,0,230811.851
1.69,3893,21432,3,3854,0,1,0,0,230811.362
1.83,3894,21485,3,3855,0,6,0,0,230810.852
1.83,3894,21541,4,3854,0,4,0,0,230810.364
1.83,3893,21591,4,3853,0,4,0,0,230809.851
1.982,3893,21645,3,3853,0,3,0,0,230809.365
1.982,3892,21698,3,3854,0,3,0,0,230808.857
1.982,3893,21750,3,3853,0,4,0,0,230808.362
2.147,3890,21803,3,3852,0,7,0,0,230807.852
2.147,3892,21854,3,3853,0,5,0,0,230807.359
2.147,3892,21904,3,3852,0,2,0,0,230806.864
2.147,3892,21952,4,3852,0,6,0,0,230806.355
2.327,3893,22004,3,3852,0,3,0,0,230805.863
2.327,3893,22052,4,3852,0,3,0,0,230805.353
2.327,3895,22099,4,3852,0,5,0,0,230804.863
2.522,3893,22149,3,3852,0,7,0,0,230804.353
2.522,3893,22197,3,3853,0,2,0,0,230803.86
2.522,3893,22243,3,3853,0,8,0,0,230803.351
2.737,3893,22291,4,3852,0,2,0,0,230802.862
2.737,3891,22336,3,3851,0,4,0,0,230802.352
2.737,3889,22381,4,3851,0,2,0,0,230801.863
2.972,3891,22424,4,3851,0,4,0,0,230801.356
2.972,3892,22470,4,3851,0,2,0,0,230800.864
2.972,3893,22512,4,3852,0,4,0,0,230800.351
3.226,3893,22555,4,3852,0,1,0,0,230799.86
3.226,3893,22599,4,3851,0,2,0,0,230799.352
3.226,3892,22640,4,3851,0,4,0,0,230798.86
3.226,3891,22678,4,3852,0,3,0,0,230798.369
3.503,3890,22720,4,3852,0,3,0,0,230797.858
3.503,3892,22758,4,3852,0,6,0,0,230797.351
3.503,3892,22801,4,3852,0,5,0,0,230796.86
3.859,3893,22836,4,3852,0,2,0,0,230796.37
3.859,3893,22874,5,3852,0,4,0,0,230795.863
3.859,3894,22916,4,3852,0,7,0,0,230795.353
4.398,3894,22970,4,3853,0,3,0,0,230794.86
4.398,3895,23024,4,3852,0,7,0,0,230794.368
4.398,3894,23079,5,3852,0,6,0,0,230793.851
5.027,3894,23132,4,3853,0,2,0,0,230793.36
5.027,3894,23185,5,3853,0,2,0,0,230792.85
5.027,3894,23236,5,3852,0,3,0,0,230792.362
5.75,3893,23289,5,3853,0,6,0,0,230791.852
5.75,3894,23336,5,3853,0,3,0,0,230791.358
5.75,3895,23380,5,3853,0,4,0,0,230790.864
5.75,3894,23428,5,3853,0,5,0,0,230790.35
6.599,3894,23473,5,3852,0,6,0,0,230789.862
6.599,3895,23516,5,3853,0,5,0,0,230789.35
6.599,3895,23558,5,3853,0,3,0,0,230788.859
7.336,3895,23601,5,3853,0,3,0,0,230788.365
7.336,3895,23639,6,3853,0,4,0,0,230787.858
7.336,3895,23670,5,3853,0,2,0,0,230787.351
7.892,3894,23690,5,3853,0,1,0,0,230786.861
7.892,3894,23711,5,3852,0,2,0,0,230786.351
7.892,3892,23736,5,3851,0,4,0,0,230785.693
8.499,3892,23761,6,3853,0,1,0,0,230785.03
8.499,3892,23770,5,3852,0,3,0,0,230784.791
8.499,3892,23788,6,3852,0,0,0,0,230784.301
9.182,3893,23807,4,3852,0,1,0,0,230783.767
9.182,3893,23826,3,3852,0,1,0,0,230783.216
9.182,3893,23845,5,3852,0,1,0,0,230782.643
10.09,3892,23867,6,3852,0,3,0,0,230782.049
10.09,3894,23896,4,3852,0,2,0,0,230781.417
10.09,3895,23921,4,3852,0,2,0,0,230780.762
11.11,3893,23947,4,3852,0,0,0,0,230780.086
11.11,3894,23974,4,3852,0,2,0,0,230779.451
11.11,3894,23982,5,3853,0,2,0,0,230779.201
12.12,3894,23998,4,3853,0,1,0,0,230778.696
12.12,3893,24015,6,3852,0,0,0,0,230778.167
12.12,3893,24033,6,3852,0,1,0,0,230777.759
13.22,3894,24052,5,3853,0,3,0,0,230777.055
13.22,3894,24069,4,3853,0,3,0,0,230776.441
14.1,3894,24086,6,3853,0,1,0,0,230775.815
14.1,3893,24102,6,3853,0,3,0,0,230775.17
15.5,3893,24120,4,3853,0,1,0,0,230774.507
15.5,3894,24138,6,3853,0,1,0,0,230773.612
15.5,3893,24145,6,3852,0,2,0,0,230773.612
16.9,3894,24149,4,3853,0,2,0,0,230773.438
16.9,3894,24153,3,3853,0,3,0,0,230773.207
16.9,3894,24164,4,3853,0,2,0,0,230772.706
16.9,3895,24178,4,3853,0,1,0,0,230772.18
18.3,3893,24190,4,3853,0,1,0,0,230771.637
18.3,3893,24200,6,3853,0,2,0,0,230771.054
18.3,3894,24209,5,3853,0,1,0,0,230770.466
19.8,3895,24222,4,3854,0,0,0,0,230769.839
19.8,3894,24231,5,3854,0,2,0,0,230769.192
21.4,3893,24243,4,3854,0,1,0,0,230768.507
21.4,3893,24254,4,3853,0,3,0,0,230767.617
21.4,3894,24258,5,3854,0,2,0,0,230767.617
21.4,3894,24260,6,3854,0,2,0,0,230767.467
21.4,3893,24265,5,3854,0,1,0,0,230767.24
23.3,3894,24274,4,3854,0,1,0,0,230766.567
23.3,3893,24276,4,3853,0,0,0,0,230766.335
23.3,3893,24288,5,3854,0,1,0,0,230765.638
25.3,3892,24290,6,3853,0,1,0,0,230765.438
25.3,3893,24299,5,3853,0,2,0,0,230764.736
25.3,3893,24301,4,3854,0,2,0,0,230764.584
25.3,3893,24304,4,3853,0,0,0,0,230764.359
27.5,3893,24316,5,3853,0,4,0,0,230763.657
27.5,3894,24319,6,3853,0,5,0,0,230763.461
27.5,3894,24326,6,3854,0,2,0,0,230762.762
27.5,3894,24328,4,3854,0,2,0,0,230762.606
27.5,3895,24331,4,3854,0,1,0,0,230762.367
30,3894,24340,5,3854,0,1,0,0,230761.667
30,3894,24343,7,3854,0,1,0,0,230761.51
30,3894,24348,5,3854,0,1,0,0,230761.284
32.4,3894,24354,4,3854,0,1,0,0,230760.615
32.4,3894,24357,4,3853,0,1,0,0,230760.377
32.4,3894,24364,5,3853,0,2,0,0,230759.725
32.4,3894,24367,6,3853,0,2,0,0,230759.49
34.5,3893,24375,5,3854,0,1,0,0,230758.817
34.5,3893,24377,4,3854,0,2,0,0,230758.594
34.5,3892,24382,4,3854,0,3,0,0,230757.894
34.5,3893,24384,5,3854,0,0,0,0,230757.703
36.9,3893,24390,6,3854,0,3,0,0,230757.027
36.9,3893,24393,6,3854,0,4,0,0,230756.816
36.9,3892,24398,4,3854,0,1,0,0,230755.931
36.9,3891,24400,3,3854,0,1,0,0,230755.931
39.4,3891,24402,5,3854,0,2,0,0,230755.75
39.4,3890,24404,6,3853,0,1,0,0,230755.52
39.4,3890,24410,6,3854,0,0,0,0,230754.628
39.4,3892,24410,4,3853,0,1,0,0,230754.628
39.4,3893,24413,3,3853,0,1,0,0,230754.435
42.2,3893,24420,5,3853,0,0,0,0,230753.766
42.2,3892,24421,6,3854,0,2,0,0,230753.543
42.2,3893,24428,6,3853,0,2,0,0,230752.646
42.2,3893,24429,4,3854,0,2,0,0,230752.646
45.2,3893,24431,4,3853,0,1,0,0,230752.476
45.2,3893,24433,4,3854,0,1,0,0,230752.25
45.2,3893,24439,6,3853,0,1,0,0,230751.583
45.2,3892,24440,5,3854,0,1,0,0,230751.357
48.5,3893,24447,4,3854,0,2,0,0,230750.472
48.5,3894,24450,4,3854,0,2,0,0,230750.472
48.5,3893,24450,4,3854,0,3,0,0,230750.298
48.5,3893,24450,6,3854,0,3,0,0,230750.075
52.1,3894,24461,6,3854,0,2,0,0,230749.421
52.1,3894,24460,4,3854,0,1,0,0,230749.187
52.1,3896,24466,3,3854,0,0,0,0,230748.518
52.1,3895,24468,5,3855,0,1,0,0,230748.297
56.1,3895,24472,6,3854,0,1,0,0,230747.627
56.1,3895,24475,6,3853,0,2,0,0,230747.396
56.1,3895,24483,5,3854,0,2,0,0,230746.692
56.1,3896,24483,4,3854,0,1,0,0,230746.554
56.1,3895,24485,4,3855,0,1,0,0,230746.308
60.6,3895,24494,6,3854,0,4,0,0,230745.637
60.6,3895,24494,6,3854,0,2,0,0,230745.412
60.6,3895,24499,6,3855,0,1,0,0,230744.932
65.6,3895,24504,6,3854,0,2,0,0,230744.423
65.6,3895,24507,6,3854,0,5,0,0,230743.938
65.6,3895,24513,6,3854,0,3,0,0,230743.432
71.2,3895,24518,6,3854,0,2,0,0,230742.929
71.2,3895,24522,6,3854,0,2,0,0,230742.425
71.2,3895,24528,6,3853,0,3,0,0,230741.925
77.4,3894,24531,6,3853,0,2,0,0,230741.421
77.4,3893,24536,6,3854,0,1,0,0,230740.939
77.4,3893,24541,6,3854,0,3,0,0,230740.436
77.4,3893,24545,7,3854,0,1,0,0,230739.931
84.6,3891,24549,6,3854,0,3,0,0,230739.428
84.6,3890,24553,6,3854,0,2,0,0,230738.921
84.6,3892,24561,6,3854,0,3,0,0,230738.441
92.6,3892,24564,6,3854,0,1,0,0,230737.936
92.6,3892,24569,6,3855,0,1,0,0,230737.433
92.6,3893,24574,6,3854,0,3,0,0,230736.931
101.8,3892,24578,6,3855,0,3,0,0,230736.429
101.8,3893,24584,7,3855,0,1,0,0,230735.928
101.8,3893,24590,6,3855,0,2,0,0,230735.424
108.6,3893,24596,6,3855,0,2,0,0,230734.939
108.6,3893,24591,6,3855,0,1,0,0,230734.437
108.6,3894,24596,6,3855,0,1,0,0,230733.931
111.8,3894,24597,7,3856,0,1,0,0,230733.427
111.8,3894,24592,5,3855,0,2,0,0,230732.94
111.8,3894,24593,6,3855,0,4,0,0,230732.436
111.8,3894,24596,6,3855,0,2,0,0,230731.931
114.6,3893,24597,6,3855,0,2,0,0,230731.427
114.6,3896,24602,6,3855,0,1,0,0,230730.923
114.6,3897,24606,6,3855,0,1,0,0,230730.44
117.6,3898,24605,6,3855,0,5,0,0,230729.933
117.6,3898,24606,6,3855,0,1,0,0,230729.433
117.6,3898,24607,6,3855,0,3,0,0,230728.932
120.7,3898,24608,5,3855,0,4,0,0,230728.429
120.7,3899,24613,5,3853,0,5,0,0,230727.922
120.7,3899,24615,6,3855,0,4,0,0,230727.425
123.9,3899,24617,5,3854,0,2,0,0,230726.923
123.9,3899,24617,5,3854,0,4,0,0,230726.44
123.9,3898,24620,5,3854,0,3,0,0,230725.935
127.2,3898,24621,5,3854,0,2,0,0,230725.432
127.2,3898,24622,5,3854,0,4,0,0,230724.93
127.2,3898,24627,5,3854,0,5,0,0,230724.424
127.2,3898,24626,5,3855,0,2,0,0,230723.922
130.6,3898,24630,5,3854,0,4,0,0,230723.439
130.6,3898,24630,5,3854,0,4,0,0,230722.938
130.6,3898,24632,4,3854,0,2,0,0,230722.435
132.9,3897,24633,4,3854,0,0,0,0,230721.932
132.9,3897,24635,5,3855,0,3,0,0,230721.428
134.7,3896,24639,5,3855,0,1,0,0,230720.923
134.7,3895,24640,5,3855,0,2,0,0,230720.437
136.7,3896,24646,5,3856,0,7,0,0,230719.928
138.5,3896,24644,5,3855,0,1,0,0,230719.425
138.5,3896,24647,4,3856,0,1,0,0,230718.924
140.6,3896,24652,4,3855,0,2,0,0,230718.44
140.6,3896,24651,4,3855,0,3,0,0,230717.935
142.5,3896,24656,4,3855,0,3,0,0,230717.433
144.6,3896,24654,4,3855,0,6,0,0,230716.93
144.6,3896,24658,4,3856,0,4,0,0,230716.429
146.7,3896,24657,4,3856,0,3,0,0,230715.928
148.8,3895,24663,4,3856,0,2,0,0,230715.427
148.8,3896,24665,4,3856,0,1,0,0,230714.927
151,3894,24666,4,3856,0,1,0,0,230714.439
151,3895,24670,4,3856,0,5,0,0,230713.936
153.3,3897,24668,4,3856,0,4,0,0,230713.433
155.6,3898,24674,4,3856,0,2,0,0,230712.932
155.6,3897,24672,4,3855,0,6,0,0,230712.428
158,3898,24677,4,3857,0,5,0,0,230711.939
160.4,3900,24677,4,3856,0,2,0,0,230711.435
0.691,3892,19604,5,3859,0,1,0,0,230609.228
0.691,3892,19598,5,3859,0,3,0,0,230608.741
0.69,3892,19593,6,3859,0,4,0,0,230608.235
0.69,3892,19590,5,3858,0,7,0,0,230607.726
0.69,3893,19592,5,3858,0,1,0,0,230607.23
0.689,3893,19591,5,3858,0,3,0,0,230606.741
0.689,3893,19591,5,3858,0,1,0,0,230606.231
0.689,3894,19586,5,3858,0,0,0,0,230605.723
0.688,3894,19588,5,3859,0,1,0,0,230605.234
0.688,3893,19588,6,3859,0,3,0,0,230604.728
0.688,3894,19591,5,3859,0,4,0,0,230604.239
0.688,3894,19588,5,3858,0,2,0,0,230603.73
0.688,3893,19583,5,3858,0,2,0,0,230603.238
0.688,3893,19580,5,3858,0,3,0,0,230602.73
0.688,3891,19581,5,3857,0,4,0,0,230602.237
0.687,3893,19581,5,3857,0,0,0,0,230601.726
0.687,3893,19577,4,3857,0,2,0,0,230601.237
0.687,3894,19579,5,3857,0,3,0,0,230600.73
0.685,3895,19576,4,3857,0,4,0,0,230600.24
0.685,3895,19572,5,3858,0,2,0,0,230599.724
0.685,3894,19568,4,3858,0,3,0,0,230599.242
0.684,3894,19569,5,3858,0,2,0,0,230598.727
0.684,3894,19569,4,3858,0,1,0,0,230598.237
0.684,3895,19572,5,3858,0,1,0,0,230597.741
0.683,3894,19568,5,3858,0,3,0,0,230597.233
0.683,3894,19565,4,3858,0,2,0,0,230596.723
0.683,3893,19562,4,3858,0,2,0,0,230596.232
0.682,3894,19561,4,3858,0,2,0,0,230595.739
0.682,3893,19561,4,3858,0,2,0,0,230595.229
0.682,3894,19562,4,3858,0,2,0,0,230594.723
0.682,3895,19561,4,3858,0,3,0,0,230594.234
0.681,3896,19558,4,3858,0,1,0,0,230593.725
0.681,3896,19561,4,3858,0,1,0,0,230593.236
0.681,3897,19558,4,3858,0,0,0,0,230592.73
0.68,3896,19557,5,3858,0,1,0,0,230592.239
0.68,3896,19551,3,3858,0,3,0,0,230591.73
0.68,3896,19551,4,3858,0,1,0,0,230591.239
0.679,3896,19554,4,3858,0,2,0,0,230590.732
0.679,3896,19554,4,3858,0,2,0,0,230590.226
0.679,3897,19552,4,3858,0,2,0,0,230589.728
0.678,3896,19549,4,3858,0,1,0,0,230589.23
0.678,3897,19548,4,3858,0,2,0,0,230588.74
0.678,3897,19549,4,3858,0,3,0,0,230588.232
0.678,3896,19545,4,3858,0,1,0,0,230587.738
0.677,3895,19544,4,3857,0,1,0,0,230587.224
0.677,3896,19543,4,3856,0,2,0,0,230586.73
0.677,3895,19542,3,3857,0,1,0,0,230586.241
0.676,3896,19541,3,3858,0,1,0,0,230585.73
0.676,3897,19540,4,3858,0,4,0,0,230585.241
0.676,3897,19540,4,3858,0,3,0,0,230584.734
0.676,3896,19535,4,3858,0,1,0,0,230584.223
0.676,3897,19533,4,3858,0,2,0,0,230583.735
0.676,3897,19537,4,3859,0,1,0,0,230583.223
0.674,3896,19530,4,3858,0,2,0,0,230582.735
0.674,3896,19532,4,3859,0,3,0,0,230582.222
0.674,3896,19530,4,3859,0,5,0,0,230581.735
0.673,3897,19531,4,3859,0,1,0,0,230581.225
0.673,3897,19529,3,3859,0,0,0,0,230580.732
0.673,3897,19528,4,3859,0,4,0,0,230580.242
0.672,3898,19524,4,3859,0,4,0,0,230579.733
0.672,3899,19524,4,3859,0,2,0,0,230579.225
0.672,3899,19527,3,3859,0,2,0,0,230578.731
0.672,3899,19522,4,3860,0,1,0,0,230578.24
0.671,3898,19527,3,3859,0,3,0,0,230577.73
0.671,3899,19518,3,3859,0,1,0,0,230577.238
0.671,3899,19520,3,3859,0,1,0,0,230576.727
0.67,3899,19518,3,3860,0,1,0,0,230576.241
0.67,3899,19517,4,3859,0,0,0,0,230575.732
0.67,3899,19517,4,3860,0,2,0,0,230575.239
0.669,3900,19513,4,3860,0,3,0,0,230574.732
0.669,3899,19510,4,3860,0,1,0,0,230574.224
0.669,3899,19508,3,3860,0,2,0,0,230573.737
0.668,3900,19508,3,3860,0,4,0,0,230573.225
0.668,3900,19506,3,3860,0,4,0,0,230572.735
0.668,3901,19509,4,3860,0,5,0,0,230572.242
0.667,3900,19512,3,3860,0,3,0,0,230571.732
0.667,3901,19509,3,3860,0,2,0,0,230571.222
0.667,3900,19504,3,3854,0,1,0,0,230570.727
0.667,3901,19502,3,3859,0,0,0,0,230570.236
0.666,3900,19503,3,3860,0,1,0,0,230569.725
0.666,3899,19504,4,3860,0,2,0,0,230569.234
0.666,3899,19498,4,3851,0,3,0,0,230568.739
0.665,3899,19495,3,3860,0,2,0,0,230568.231
0.665,3898,19494,3,3860,0,1,0,0,230567.736
0.665,3897,19496,3,3859,0,1,0,0,230567.222
0.664,3898,19497,3,3850,0,2,0,0,230566.731
0.664,3897,19494,4,3859,0,1,0,0,230566.241
0.664,3898,19491,4,3859,0,3,0,0,230565.729
0.663,3898,19493,4,3858,0,2,0,0,230565.24
0.663,3899,19489,3,3848,0,3,0,0,230564.725
0.663,3898,19486,3,3859,0,2,0,0,230564.238
0.662,3899,19488,3,3858,0,0,0,0,230563.727
0.662,3897,19487,3,3858,0,2,0,0,230563.235
0.662,3898,19486,3,3850,0,1,0,0,230562.74
0.662,3898,19485,3,3858,0,4,0,0,230562.229
0.662,3897,19480,3,3858,0,0,0,0,230561.741
0.662,3897,19482,4,3859,0,1,0,0,230561.231
0.662,3897,19483,4,3853,0,2,0,0,230560.725
0.66,3897,19480,3,3858,0,2,0,0,230560.23
0.66,3896,19478,3,3857,0,2,0,0,230559.738
0.66,3896,19476,3,3857,0,2,0,0,230559.227
0.659,3896,19476,3,3857,0,1,0,0,230558.739
0.659,3896,19471,3,3857,0,1,0,0,230558.224
0.659,3895,19472,3,3857,0,0,0,0,230557.739
0.659,3895,19470,3,3857,0,3,0,0,230557.228
0.659,3895,19472,3,3857,0,4,0,0,230556.739
0.659,3894,19470,3,3856,0,1,0,0,230556.23
0.658,3894,19467,4,3856,0,1,0,0,230555.739
0.658,3894,19468,3,3856,0,3,0,0,230555.23
0.658,3895,19465,3,3856,0,4,0,0,230554.74
0.658,3894,19466,3,3857,0,4,0,0,230554.233
0.657,3893,19469,3,3857,0,1,0,0,230553.741
0.657,3893,19467,3,3858,0,1,0,0,230553.234
0.657,3892,19463,3,3857,0,2,0,0,230552.721
0.656,3892,19464,3,3858,0,2,0,0,230552.231
0.656,3891,19464,4,3858,0,1,0,0,230551.74
0.656,3892,19467,3,3858,0,3,0,0,230551.231
0.656,3892,19465,3,3858,0,1,0,0,230550.738
0.656,3892,19460,3,3858,0,4,0,0,230550.226
0.656,3892,19465,2,3858,0,1,0,0,230549.739
0.654,3893,19462,3,3858,0,3,0,0,230549.229
0.654,3893,19465,3,3858,0,3,0,0,230548.737
0.654,3893,19467,3,3859,0,6,0,0,230548.228
0.634,3893,19472,3,3859,0,2,0,0,230547.739
0.634,3893,19451,3,3859,0,1,0,0,230547.226
0.634,3893,19425,3,3859,0,2,0,0,230546.735
0.634,3894,19397,3,3859,0,3,0,0,230546.226
0.612,3894,19371,3,3859,0,2,0,0,230545.739
0.612,3893,19343,3,3859,0,3,0,0,230545.23
0.612,3894,19317,3,3859,0,3,0,0,230544.738
0.59,3893,19283,3,3859,0,1,0,0,230544.225
0.59,3894,19255,3,3859,0,1,0,0,230543.734
0.59,3894,19225,3,3859,0,3,0,0,230543.223
0.568,3895,19196,3,3859,0,1,0,0,230542.733
0.568,3894,19162,3,3858,0,1,0,0,230542.223
0.568,3895,19133,3,3859,0,2,0,0,230541.731
0.545,3895,19101,3,3859,0,5,0,0,230541.24
0.545,3895,19072,3,3859,0,6,0,0,230540.73
0.545,3895,19038,3,3860,0,0,0,0,230540.241
0.521,3896,19002,3,3860,0,1,0,0,230539.73
0.521,3896,18969,3,3860,0,5,0,0,230539.222
0.521,3896,18934,3,3860,0,0,0,0,230538.732
0.521,3896,18900,3,3860,0,6,0,0,230538.222
0.503,3897,18866,3,3861,0,4,0,0,230537.734
0.503,3897,18818,3,3861,0,1,0,0,230537.225
0.503,3897,18790,3,3860,0,0,0,0,230536.733
0.498,3897,18781,3,3860,0,0,0,0,230536.225
0.498,3897,18769,3,3861,0,3,0,0,230535.737
0.498,3896,18768,3,3861,0,3,0,0,230535.228
0.493,3897,18758,3,3859,0,0,0,0,230534.736
0.493,3898,18747,4,3860,0,2,0,0,230534.241
0.493,3899,18742,3,3860,0,2,0,0,230533.731
0.488,3899,18735,3,3860,0,1,0,0,230533.222
0.488,3899,18726,3,3859,0,2,0,0,230532.733
0.488,3899,18714,3,3861,0,3,0,0,230532.222
0.483,3899,18710,3,3860,0,4,0,0,230531.734
0.483,3898,18702,3,3860,0,2,0,0,230531.225
0.483,3898,18695,3,3860,0,2,0,0,230530.734
0.483,3898,18682,3,3861,0,2,0,0,230530.225
0.478,3899,18675,4,3861,0,0,0,0,230529.736
0.478,3899,18668,3,3861,0,3,0,0,230529.231
0.478,3899,18662,3,3860,0,2,0,0,230528.721
0.473,3900,18649,3,3860,0,2,0,0,230528.226
0.473,3899,18641,3,3860,0,1,0,0,230527.74
0.473,3900,18630,4,3860,0,1,0,0,230527.226
0.467,3900,18628,3,3860,0,0,0,0,230526.735
0.467,3901,18617,3,3861,0,3,0,0,230526.226
0.467,3901,18609,3,3861,0,0,0,0,230525.736
0.462,3900,18599,4,3862,0,3,0,0,230525.227
0.462,3901,18587,3,3861,0,3,0,0,230524.74
0.462,3901,18583,3,3862,0,0,0,0,230524.227
0.457,3901,18573,3,3861,0,2,0,0,230523.732
0.457,3903,18565,3,3862,0,1,0,0,230523.221
0.457,3902,18555,3,3863,0,1,0,0,230522.732
0.457,3903,18547,3,3862,0,1,0,0,230522.222
0.452,3902,18541,3,3863,0,1,0,0,230521.733
0.452,3903,18528,3,3864,0,1,0,0,230521.224
0.452,3902,18523,3,3864,0,2,0,0,230520.738
0.447,3902,18509,3,3863,0,2,0,0,230520.233
0.447,3902,18505,3,3864,0,3,0,0,230519.724
0.447,3902,18494,3,3864,0,3,0,0,230519.232
0.442,3902,18481,3,3863,0,4,0,0,230518.726
0.442,3902,18479,3,3864,0,1,0,0,230518.239
0.442,3903,18465,3,3864,0,1,0,0,230517.732
0.437,3902,18457,3,3864,0,0,0,0,230517.222
0.437,3903,18451,3,3863,0,1,0,0,230516.73
0.437,3903,18437,3,3864,0,3,0,0,230516.242
0.432,3903,18430,4,3864,0,5,0,0,230515.728
0.432,3903,18422,4,3864,0,1,0,0,230515.237
0.432,3902,18411,3,3863,0,0,0,0,230514.729
0.432,3901,18404,4,3864,0,4,0,0,230514.24
0.427,3902,18395,3,3864,0,2,0,0,230513.73
0.427,3901,18384,3,3864,0,2,0,0,230513.238
0.427,3902,18371,3,3864,0,4,0,0,230512.729
0.421,3902,18373,3,3864,0,3,0,0,230512.239
0.421,3902,18349,3,3864,0,4,0,0,230511.728
0.421,3901,18346,3,3864,0,3,0,0,230511.24
0.416,3901,18338,3,3863,0,0,0,0,230510.728
0.416,3903,18328,3,3863,0,1,0,0,230510.239
0.416,3903,18318,3,3864,0,2,0,0,230509.731
0.411,3902,18304,3,3865,0,2,0,0,230509.238
0.411,3904,18297,3,3865,0,8,0,0,230508.727
0.411,3904,18291,3,3864,0,1,0,0,230508.236
0.405,3904,18277,3,3865,0,3,0,0,230507.731
0.405,3904,18268,3,3865,0,0,0,0,230507.223
0.405,3906,18260,3,3865,0,3,0,0,230506.725
0.405,3906,18245,4,3865,0,4,0,0,230506.223
0.4,3905,18241,3,3865,0,4,0,0,230505.734
0.4,3905,18229,3,3865,0,4,0,0,230505.224
0.4,3905,18215,3,3865,0,2,0,0,230504.739
0.395,3905,18212,3,3866,0,7,0,0,230504.229
0.395,3904,18199,3,3866,0,2,0,0,230503.739
0.395,3904,18188,4,3865,0,1,0,0,230503.232
0.389,3904,18179,3,3865,0,5,0,0,230502.739
0.389,3904,18163,4,3866,0,2,0,0,230502.233
0.389,3903,18157,3,3865,0,4,0,0,230501.739
0.384,3903,18147,3,3865,0,1,0,0,230501.226
0.384,3903,18136,3,3865,0,4,0,0,230500.736
0.384,3903,18123,3,3865,0,2,0,0,230500.225
0.379,3903,18119,3,3866,0,2,0,0,230499.739
0.379,3903,18102,3,3866,0,1,0,0,230499.23
0.379,3904,18095,3,3866,0,1,0,0,230498.724
0.379,3904,18077,3,3867,0,1,0,0,230498.229
0.373,3904,18074,3,3867,0,1,0,0,230497.742
0.373,3904,18057,3,3867,0,4,0,0,230497.232
0.373,3904,18053,3,3867,0,1,0,0,230496.724
0.368,3903,18040,3,3867,0,1,0,0,230496.235
0.368,3903,18025,4,3867,0,3,0,0,230495.724
0.368,3902,18015,3,3867,0,1,0,0,230495.236
0.364,3902,18004,4,3867,0,1,0,0,230494.73
0.364,3903,17987,3,3867,0,2,0,0,230494.221
0.364,3902,17986,4,3867,0,2,0,0,230493.732
0.363,3902,17980,4,3867,0,5,0,0,230493.223
0.363,3901,17974,4,3867,0,2,0,0,230492.736
0.363,3902,17982,3,3866,0,2,0,0,230492.229
0.362,3900,17968,4,3866,0,5,0,0,230491.739
0.362,3901,17972,3,3866,0,4,0,0,230491.231
0.362,3900,17971,3,3866,0,3,0,0,230490.738
0.362,3900,17964,4,3865,0,2,0,0,230490.227
0.361,3901,17961,3,3865,0,4,0,0,230489.737
0.361,3901,17963,4,3866,0,1,0,0,230489.226
0.361,3901,17956,3,3865,0,2,0,0,230488.74
0.36,3900,17960,4,3865,0,3,0,0,230488.231
0.36,3900,17955,3,3866,0,3,0,0,230487.723
0.36,3900,17950,3,3865,0,5,0,0,230487.232
0.359,3900,17954,3,3865,0,2,0,0,230486.721
0.359,3900,17947,3,3864,0,1,0,0,230486.233
0.359,3900,17946,3,3864,0,2,0,0,230485.721
0.358,3901,17942,3,3864,0,1,0,0,230485.233
0.358,3901,17940,4,3864,0,1,0,0,230484.74
0.358,3900,17939,4,3864,0,1,0,0,230484.228
0.357,3899,17933,3,3864,0,4,0,0,230483.74
0.357,3899,17933,4,3864,0,1,0,0,230483.233
0.357,3899,17936,4,3863,0,3,0,0,230482.723
0.357,3901,17924,3,3863,0,2,0,0,230482.233
0.356,3901,17928,4,3863,0,1,0,0,230481.725
0.356,3900,17923,3,3864,0,2,0,0,230481.234
0.356,3901,17917,4,3864,0,1,0,0,230480.726
0.355,3902,17920,3,3863,0,0,0,0,230480.234
0.355,3902,17913,4,3864,0,1,0,0,230479.722
0.355,3902,17915,3,3863,0,0,0,0,230479.234
0.354,3901,17911,3,3864,0,0,0,0,230478.724
0.354,3901,17912,4,3864,0,2,0,0,230478.241
0.354,3902,17906,3,3863,0,4,0,0,230477.729
0.354,3903,17901,3,3863,0,2,0,0,230477.223
0.354,3902,17901,3,3863,0,1,0,0,230476.722
0.354,3903,17897,3,3863,0,4,0,0,230476.23
0.353,3904,17893,3,3864,0,1,0,0,230475.739
0.353,3904,17895,3,3864,0,2,0,0,230475.224
0.353,3905,17892,4,3864,0,1,0,0,230474.735
0.353,3905,17890,3,3863,0,0,0,0,230474.223
0.352,3905,17885,3,3864,0,0,0,0,230473.732
0.352,3905,17885,3,3863,0,3,0,0,230473.223
0.352,3905,17884,3,3864,0,1,0,0,230472.732
0.35,3905,17875,4,3864,0,2,0,0,230472.239
0.35,3905,17883,4,3864,0,3,0,0,230471.727
0.35,3905,17870,3,3864,0,2,0,0,230471.239
0.349,3905,17875,4,3864,0,3,0,0,230470.729
0.349,3905,17866,3,3865,0,2,0,0,230470.237
0.349,3905,17871,4,3864,0,1,0,0,230469.727
0.349,3904,17861,4,3865,0,1,0,0,230469.239
0.349,3904,17863,4,3865,0,1,0,0,230468.723
0.349,3904,17865,3,3865,0,2,0,0,230468.234
0.348,3904,17852,4,3865,0,3,0,0,230467.726
0.348,3904,17862,4,3864,0,3,0,0,230467.225
0.348,3903,17849,3,3864,0,5,0,0,230466.736
0.348,3903,17850,3,3864,0,1,0,0,230466.224
0.346,3903,17849,4,3865,0,3,0,0,230465.731
0.346,3903,17841,3,3865,0,2,0,0,230465.222
0.346,3903,17844,3,3865,0,1,0,0,230464.733
0.345,3903,17839,4,3865,0,1,0,0,230464.225
0.345,3903,17837,3,3865,0,3,0,0,230463.736
0.345,3902,17837,4,3864,0,1,0,0,230463.226
0.345,3902,17832,3,3865,0,2,0,0,230462.739
0.345,3902,17833,4,3865,0,1,0,0,230462.228
0.345,3902,17825,4,3865,0,1,0,0,230461.723
0.344,3901,17828,4,3866,0,0,0,0,230461.23
0.344,3901,17821,4,3865,0,2,0,0,230460.724
0.344,3901,17821,3,3865,0,1,0,0,230460.236
0.342,3901,17817,4,3865,0,1,0,0,230459.724
0.342,3901,17819,4,3865,0,1,0,0,230459.241
0.342,3901,17819,4,3865,0,1,0,0,230458.727
0.342,3901,17812,4,3865,0,2,0,0,230458.237
0.342,3899,17813,4,3865,0,2,0,0,230457.727
0.342,3900,17806,3,3865,0,2,0,0,230457.228
0.342,3899,17806,4,3865,0,1,0,0,230456.74
0.341,3898,17801,4,3864,0,0,0,0,230456.231
0.341,3899,17801,4,3865,0,3,0,0,230455.723
0.341,3898,17802,4,3865,0,1,0,0,230455.231
0.34,3900,17795,4,3865,0,0,0,0,230454.741
0.34,3899,17791,3,3865,0,1,0,0,230454.23
0.34,3900,17798,3,3865,0,1,0,0,230453.723
0.339,3899,17789,4,3866,0,4,0,0,230453.235
0.339,3898,17790,4,3865,0,1,0,0,230452.727
0.339,3899,17787,4,3866,0,3,0,0,230452.24
0.338,3899,17784,3,3865,0,1,0,0,230451.728
0.338,3898,17785,3,3865,0,4,0,0,230451.239
0.338,3898,17781,3,3865,0,5,0,0,230450.727
0.338,3899,17779,3,3866,0,8,0,0,230450.237
0.337,3900,17784,3,3866,0,7,0,0,230449.728
0.337,3900,17778,4,3867,0,3,0,0,230449.24
0.337,3901,17782,3,3867,0,2,0,0,230448.732
0.328,3901,17775,3,3866,0,1,0,0,230448.223
0.328,3902,17759,3,3867,0,3,0,0,230447.735
0.328,3902,17733,3,3867,0,5,0,0,230447.221
0.317,3902,17711,3,3867,0,2,0,0,230446.727
0.317,3903,17685,3,3868,0,2,0,0,230446.233
0.317,3903,17660,3,3867,0,1,0,0,230445.74
0.306,3902,17636,3,3867,0,3,0,0,230445.233
0.306,3902,17611,3,3867,0,2,0,0,230444.723
0.306,3902,17584,3,3868,0,2,0,0,230444.23
0.295,3902,17562,3,3867,0,1,0,0,230443.741
0.295,3903,17538,3,3867,0,1,0,0,230443.234
0.295,3903,17506,3,3868,0,1,0,0,230442.724
0.295,3903,17478,3,3868,0,2,0,0,230442.235
0.284,3903,17461,3,3868,0,2,0,0,230441.722
0.284,3903,17427,2,3868,0,1,0,0,230441.234
0.284,3904,17403,3,3868,0,3,0,0,230440.723
0.272,3903,17380,3,3868,0,1,0,0,230440.228
0.272,3903,17347,3,3869,0,1,0,0,230439.74
0.272,3903,17321,3,3868,0,5,0,0,230439.227
0.261,3903,17296,3,3868,0,3,0,0,230438.74
0.261,3903,17266,3,3868,0,5,0,0,230438.231
0.261,3903,17238,3,3868,0,1,0,0,230437.739
0.25,3903,17208,3,3868,0,3,0,0,230437.227
0.25,3903,17184,3,3868,0,1,0,0,230436.738
0.25,3902,17153,3,3868,0,6,0,0,230436.229
0.239,3903,17122,3,3868,0,2,0,0,230435.737
0.239,3903,17096,3,3868,0,3,0,0,230435.225
0.239,3903,17058,3,3869,0,1,0,0,230434.736
0.239,3902,17036,3,3868,0,3,0,0,230434.227
0.228,3902,16999,3,3868,0,1,0,0,230433.74
0.228,3903,16971,3,3868,0,4,0,0,230433.23
0.228,3902,16939,3,3868,0,1,0,0,230432.74
0.216,3902,16906,3,3868,0,4,0,0,230432.231
0.216,3902,16876,3,3868,0,1,0,0,230431.739
0.216,3901,16843,3,3868,0,6,0,0,230431.227
0.205,3902,16814,3,3869,0,1,0,0,230430.721
0.205,3902,16780,3,3869,0,5,0,0,230430.234
0.205,3903,16739,3,3869,0,4,0,0,230429.723
0.197,3903,16711,4,3869,0,1,0,0,230429.22
0.197,3904,16674,3,3869,0,10,0,0,230428.732
0.197,3903,16657,3,3869,0,4,0,0,230428.224
0.19,3902,16631,3,3869,0,8,0,0,230427.737
0.19,3902,16606,3,3868,0,5,0,0,230427.224
0.19,3902,16594,3,3868,0,2,0,0,230426.737
0.19,3902,16564,3,3868,0,0,0,0,230426.229
0.186,3901,16548,3,3868,0,1,0,0,230425.719
0.186,3902,16542,3,3869,0,3,0,0,230425.23
0.186,3902,16525,3,3868,0,3,0,0,230424.723
0.182,3901,16515,3,3868,0,1,0,0,230424.236
0.182,3902,16504,3,3867,0,1,0,0,230423.72
0.182,3902,16491,3,3868,0,1,0,0,230423.236
0.178,3903,16481,3,3868,0,1,0,0,230422.731
0.178,3903,16464,3,3867,0,4,0,0,230422.225
0.178,3904,16461,3,3868,0,4,0,0,230421.738
0.175,3904,16452,3,3868,0,3,0,0,230421.232
0.175,3903,16432,3,3867,0,3,0,0,230420.74
0.175,3904,16420,2,3867,0,2,0,0,230420.231
0.172,3904,16415,3,3867,0,1,0,0,230419.723
0.172,3904,16393,3,3867,0,3,0,0,230419.236
0.172,3903,16387,3,3867,0,1,0,0,230418.726
0.172,3905,16389,3,3867,0,2,0,0,230418.24
0.172,3904,16382,3,3867,0,3,0,0,230417.734
0.172,3904,16380,3,3867,0,3,0,0,230417.227
0.172,3904,16380,3,3867,0,3,0,0,230416.737
0.171,3903,16373,3,3867,0,1,0,0,230416.226
0.171,3904,16369,3,3866,0,4,0,0,230415.735
0.171,3903,16360,3,3866,0,2,0,0,230415.221
0.169,3903,16360,3,3866,0,2,0,0,230414.736
0.169,3903,16359,3,3866,0,1,0,0,230414.225
0.169,3903,16349,3,3866,0,1,0,0,230413.736
0.168,3903,16353,3,3866,0,2,0,0,230413.227
0.168,3902,16346,3,3866,0,1,0,0,230412.722
0.168,3903,16339,3,3867,0,1,0,0,230412.238
0.168,3903,16335,3,3867,0,2,0,0,230411.731
0.168,3903,16330,3,3869,0,3,0,0,230411.221
0.168,3904,16332,3,3869,0,3,0,0,230410.736
0.168,3903,16329,3,3868,0,1,0,0,230410.233
0.167,3903,16318,3,3868,0,3,0,0,230409.722
0.167,3903,16315,3,3868,0,4,0,0,230409.237
0.167,3904,16318,3,3869,0,2,0,0,230408.727
0.165,3903,16310,3,3869,0,2,0,0,230408.22
0.165,3903,16308,3,3869,0,0,0,0,230407.732
0.165,3903,16304,3,3869,0,0,0,0,230407.222
0.165,3904,16298,3,3870,0,1,0,0,230406.734
0.165,3903,16292,3,3870,0,1,0,0,230406.229
0.165,3903,16288,3,3871,0,2,0,0,230405.722
0.164,3903,16291,3,3870,0,2,0,0,230405.234
0.164,3903,16285,3,3871,0,1,0,0,230404.729
0.164,3902,16280,3,3871,0,1,0,0,230404.223
0.162,3903,16277,3,3871,0,1,0,0,230403.733
0.162,3903,16271,3,3871,0,1,0,0,230403.224
0.162,3902,16271,3,3871,0,1,0,0,230402.735
0.162,3901,16261,3,3871,0,2,0,0,230402.226
0.162,3902,16258,3,3870,0,3,0,0,230401.74
0.162,3902,16261,3,3871,0,2,0,0,230401.227
0.162,3903,16247,3,3871,0,1,0,0,230400.74
0.161,3903,16250,2,3871,0,0,0,0,230400.228
0.161,3902,16250,3,3871,0,2,0,0,230399.72
0.161,3902,16243,3,3871,0,6,0,0,230399.232
0.16,3902,16237,3,3870,0,1,0,0,230398.722
0.16,3903,16231,3,3871,0,3,0,0,230398.234
0.16,3903,16227,3,3871,0,1,0,0,230397.725
0.159,3903,16234,3,3871,0,1,0,0,230397.237
0.159,3903,16218,3,3871,0,3,0,0,230396.729
0.159,3902,16221,3,3870,0,0,0,0,230396.239
0.157,3902,16214,3,3871,0,3,0,0,230395.731
0.157,3902,16210,3,3870,0,1,0,0,230395.221
0.157,3902,16205,3,3871,0,2,0,0,230394.732
0.157,3902,16207,3,3870,0,2,0,0,230394.224
0.156,3902,16195,3,3870,0,4,0,0,230393.737
0.156,3901,16194,3,3870,0,1,0,0,230393.226
0.156,3901,16192,3,3870,0,1,0,0,230392.736
0.156,3902,16188,3,3870,0,3,0,0,230392.23
0.156,3902,16180,4,3870,0,0,0,0,230391.722
0.156,3903,16180,3,3870,0,3,0,0,230391.233
0.155,3903,16175,3,3871,0,1,0,0,230390.722
0.155,3904,16166,3,3870,0,2,0,0,230390.234
0.155,3904,16167,3,3870,0,1,0,0,230389.724
0.154,3904,16160,3,3871,0,2,0,0,230389.238
0.154,3904,16154,3,3870,0,2,0,0,230388.727
0.154,3904,16160,3,3870,0,1,0,0,230388.221
0.153,3903,16153,3,3870,0,1,0,0,230387.734
0.153,3901,16144,3,3869,0,3,0,0,230387.226
0.153,3902,16140,4,3869,0,2,0,0,230386.737
0.153,3904,16137,4,3869,0,1,0,0,230386.229
0.152,3904,16137,4,3869,0,1,0,0,230385.721
0.152,3903,16128,3,3868,0,0,0,0,230385.23
0.152,3904,16127,4,3869,0,2,0,0,230384.723
0.151,3903,16126,3,3869,0,4,0,0,230384.237
0.151,3903,16114,4,3869,0,0,0,0,230383.732
0.151,3903,16116,4,3869,0,2,0,0,230383.22
0.15,3903,16113,4,3869,0,2,0,0,230382.732
0.15,3903,16104,4,3869,0,2,0,0,230382.226
0.15,3902,16098,4,3869,0,1,0,0,230381.721
0.149,3902,16097,4,3868,0,2,0,0,230381.235
0.149,3902,16091,4,3868,0,3,0,0,230380.72
0.149,3902,16085,4,3869,0,1,0,0,230380.233
0.148,3902,16084,5,3869,0,1,0,0,230379.723
0.148,3902,16078,4,3869,0,1,0,0,230379.235
0.148,3902,16075,4,3870,0,2,0,0,230378.727
0.148,3902,16070,4,3869,0,3,0,0,230378.222
0.147,3902,16069,5,3869,0,1,0,0,230377.731
0.147,3902,16063,5,3869,0,1,0,0,230377.225
0.147,3902,16063,5,3869,0,1,0,0,230376.721
0.146,3901,16063,5,3869,0,2,0,0,230376.234
0.146,3902,16052,5,3870,0,3,0,0,230375.725
0.146,3902,16040,5,3870,0,2,0,0,230375.236
0.145,3902,16047,5,3870,0,3,0,0,230374.73
0.145,3902,16041,5,3870,0,3,0,0,230374.239
0.145,3903,16036,5,3870,0,3,0,0,230373.731
0.144,3903,16030,5,3870,0,0,0,0,230373.225
0.144,3902,16025,5,3870,0,0,0,0,230372.72
0.144,3903,16022,6,3871,0,1,0,0,230372.232
0.143,3904,16016,6,3871,0,1,0,0,230371.727
0.143,3903,16011,5,3871,0,1,0,0,230371.238
0.143,3903,16014,5,3870,0,2,0,0,230370.729
0.143,3903,16001,5,3871,0,1,0,0,230370.22
0.142,3903,16001,6,3871,0,2,0,0,230369.732
0.142,3902,16005,6,3871,0,4,0,0,230369.226
0.142,3904,15993,6,3871,0,7,0,0,230368.739
0.141,3903,15986,6,3871,0,1,0,0,230368.23
0.141,3903,15984,5,3871,0,1,0,0,230367.764
0.141,3902,15977,5,3872,0,1,0,0,230367.223
0.14,3902,15975,6,3872,0,1,0,0,230366.727
0.14,3902,15971,5,3872,0,1,0,0,230366.227
0.14,3903,15966,5,3872,0,1,0,0,230365.719
0.139,3902,15964,6,3872,0,3,0,0,230365.226
0.139,3904,15961,5,3872,0,0,0,0,230364.738
0.139,3904,15956,5,3871,0,1,0,0,230364.232
0.138,3905,15954,5,3871,0,1,0,0,230363.726
0.138,3905,15947,5,3872,0,1,0,0,230363.238
0.138,3906,15946,5,3872,0,2,0,0,230362.73
0.138,3904,15935,6,3872,0,1,0,0,230362.225
0.137,3905,15941,5,3872,0,1,0,0,230361.735
0.137,3905,15931,5,3872,0,0,0,0,230361.224
0.137,3905,15930,6,3872,0,1,0,0,230360.732
0.136,3904,15920,6,3873,0,2,0,0,230360.223
0.136,3904,15917,5,3873,0,0,0,0,230359.739
0.136,3904,15912,6,3873,0,1,0,0,230359.231
0.135,3904,15916,6,3872,0,2,0,0,230358.719
0.135,3903,15910,6,3873,0,3,0,0,230358.23
0.135,3904,15898,6,3872,0,0,0,0,230357.737
0.134,3904,15901,5,3872,0,2,0,0,230357.23
0.134,3904,15893,6,3872,0,4,0,0,230356.72
0.134,3905,15888,5,3872,0,2,0,0,230356.233
0.133,3905,15885,5,3872,0,6,0,0,230355.726
0.133,3906,15870,6,3872,0,4,0,0,230355.237
0.133,3904,15873,5,3872,0,8,0,0,230354.727
0.133,3905,15880,6,3872,0,2,0,0,230354.221
0.132,3905,15866,5,3872,0,7,0,0,230353.734
0.132,3904,15857,6,3873,0,1,0,0,230353.221
0.132,3905,15860,5,3873,0,2,0,0,230352.733
0.131,3904,15855,5,3873,0,1,0,0,230352.223
0.131,3905,15850,5,3872,0,2,0,0,230351.737
0.131,3905,15848,5,3873,0,2,0,0,230351.231
0.13,3906,15839,5,3873,0,0,0,0,230350.723
0.13,3905,15840,5,3873,0,3,0,0,230350.236
0.13,3906,15837,5,3873,0,2,0,0,230349.725
0.129,3905,15831,5,3873,0,3,0,0,230349.236
0.129,3905,15818,6,3873,0,1,0,0,230348.729
0.129,3905,15819,5,3873,0,0,0,0,230348.24
0.128,3905,15818,5,3873,0,1,0,0,230347.728
0.128,3905,15804,5,3873,0,3,0,0,230347.22
0.128,3905,15803,5,3874,0,3,0,0,230346.733
0.128,3905,15800,5,3873,0,3,0,0,230346.221
0.127,3905,15795,5,3874,0,0,0,0,230345.735
0.127,3904,15795,5,3874,0,2,0,0,230345.23
0.127,3905,15785,5,3873,0,2,0,0,230344.739
0.127,3904,15790,5,3873,0,2,0,0,230344.225
0.127,3905,15780,5,3873,0,8,0,0,230343.738
0.127,3903,15770,5,3873,0,1,0,0,230343.229
0.125,3904,15773,5,3872,0,0,0,0,230342.724
0.125,3903,15765,4,3872,0,1,0,0,230342.234
0.125,3903,15765,6,3872,0,2,0,0,230341.722
0.125,3902,15755,5,3872,0,1,0,0,230341.234
0.125,3903,15755,5,3872,0,1,0,0,230340.728
0.125,3902,15751,5,3873,0,5,0,0,230340.221
0.123,3903,15738,5,3872,0,4,0,0,230339.728
0.123,3903,15732,5,3873,0,2,0,0,230339.221
0.123,3902,15735,5,3873,0,4,0,0,230338.734
0.123,3902,15737,6,3873,0,1,0,0,230338.222
0.122,3902,15725,6,3873,0,5,0,0,230337.735
0.122,3903,15717,5,3873,0,2,0,0,230337.228
0.122,3902,15722,5,3873,0,7,0,0,230336.721
0.122,3903,15715,5,3873,0,1,0,0,230336.232
0.122,3903,15703,5,3873,0,1,0,0,230335.722
0.122,3902,15702,5,3873,0,4,0,0,230335.232
0.121,3902,15696,5,3873,0,1,0,0,230334.726
0.121,3902,15699,6,3873,0,1,0,0,230334.235
0.121,3902,15692,6,3874,0,4,0,0,230333.73
0.12,3902,15681,5,3875,0,1,0,0,230333.223
0.12,3902,15677,6,3874,0,1,0,0,230332.738
0.12,3902,15677,5,3875,0,3,0,0,230332.23
0.119,3901,15675,5,3875,0,0,0,0,230331.722
0.119,3900,15667,6,3875,0,1,0,0,230331.23
0.119,3901,15661,5,3875,0,0,0,0,230330.722
0.119,3900,15658,6,3874,0,1,0,0,230330.237
0.118,3900,15653,5,3875,0,4,0,0,230329.729
0.118,3900,15645,5,3875,0,1,0,0,230329.239
0.118,3900,15649,5,3874,0,1,0,0,230328.73
0.116,3898,15641,5,3873,0,2,0,0,230328.222
0.116,3899,15636,5,3874,0,3,0,0,230327.735
0.116,3900,15632,6,3874,0,5,0,0,230327.225
0.115,3901,15621,6,3874,0,6,0,0,230326.739
0.115,3901,15618,5,3874,0,3,0,0,230326.229
0.115,3901,15616,5,3874,0,3,0,0,230325.737
0.115,3901,15615,6,3875,0,1,0,0,230325.226
0.115,3901,15610,6,3875,0,4,0,0,230324.738
0.115,3902,15612,6,3874,0,2,0,0,230324.229
0.114,3902,15602,6,3874,0,9,0,0,230323.738
0.114,3902,15591,5,3874,0,0,0,0,230323.228
0.114,3902,15590,5,3873,0,4,0,0,230322.72
0.114,3902,15588,5,3874,0,1,0,0,230322.234
0.113,3902,15587,5,3873,0,0,0,0,230321.729
0.113,3902,15581,6,3873,0,1,0,0,230321.221
0.113,3902,15569,5,3874,0,1,0,0,230320.735
0.111,3902,15568,6,3874,0,2,0,0,230320.223
0.111,3902,15566,5,3874,0,1,0,0,230319.734
0.111,3903,15554,5,3873,0,4,0,0,230319.221
0.111,3903,15548,5,3874,0,3,0,0,230318.725
0.111,3901,15554,5,3874,0,3,0,0,230318.239
0.111,3902,15548,5,3874,0,0,0,0,230317.73
0.11,3902,15545,6,3873,0,0,0,0,230317.225
0.11,3903,15536,6,3874,0,4,0,0,230316.738
0.11,3902,15527,6,3874,0,3,0,0,230316.229
0.109,3901,15525,5,3874,0,2,0,0,230315.722
0.109,3901,15524,6,3873,0,1,0,0,230315.236
0.109,3899,15515,6,3874,0,4,0,0,230314.727
0.109,3899,15504,6,3873,0,0,0,0,230314.219
0.108,3899,15502,6,3873,0,2,0,0,230313.728
0.108,3899,15498,5,3873,0,4,0,0,230313.22
0.108,3899,15498,6,3872,0,6,0,0,230312.726
0.107,3899,15497,5,3872,0,1,0,0,230312.219
0.107,3899,15493,5,3871,0,1,0,0,230311.733
0.107,3898,15486,5,3872,0,2,0,0,230311.239
0.106,3899,15479,6,3872,0,1,0,0,230310.729
0.106,3898,15475,6,3872,0,2,0,0,230310.219
0.106,3898,15470,5,3871,0,2,0,0,230309.733
0.105,3899,15461,5,3872,0,1,0,0,230309.224
0.105,3898,15455,5,3872,0,6,0,0,230308.737
0.105,3898,15457,6,3873,0,6,0,0,230308.221
0.104,3898,15454,5,3874,0,2,0,0,230307.734
0.104,3897,15453,6,3874,0,1,0,0,230307.227
0.104,3898,15441,5,3873,0,0,0,0,230306.736
0.104,3897,15436,5,3873,0,1,0,0,230306.223
0.103,3898,15431,5,3873,0,0,0,0,230305.735
0.103,3898,15424,5,3873,0,1,0,0,230305.226
0.103,3898,15427,6,3873,0,1,0,0,230304.737
0.102,3898,15420,6,3873,0,1,0,0,230304.226
0.102,3899,15411,5,3873,0,1,0,0,230303.736
0.102,3898,15405,5,3873,0,4,0,0,230303.225
0.101,3899,15407,5,3874,0,2,0,0,230302.736
0.101,3900,15403,5,3873,0,1,0,0,230302.228
0.101,3900,15395,5,3873,0,2,0,0,230301.739
0.1,3901,15388,5,3874,0,0,0,0,230301.22
0.1,3901,15382,5,3873,0,1,0,0,230300.736
0.1,3901,15379,5,3874,0,3,0,0,230300.23
0.099,3899,15377,5,3874,0,0,0,0,230299.721
0.099,3902,15376,5,3874,0,0,0,0,230299.233
0.099,3902,15369,6,3874,0,2,0,0,230298.726
0.099,3902,15358,5,3874,0,1,0,0,230298.236
0.098,3902,15358,6,3874,0,2,0,0,230297.726
0.098,3902,15351,6,3874,0,1,0,0,230297.239
0.098,3901,15348,5,3874,0,0,0,0,230296.731
0.097,3901,15340,5,3875,0,0,0,0,230296.227
0.097,3901,15334,6,3873,0,2,0,0,230295.738
0.097,3901,15329,5,3873,0,0,0,0,230295.228
0.097,3902,15329,5,3873,0,3,0,0,230294.724
0.097,3902,15319,5,3873,0,1,0,0,230294.219
0.097,3901,15310,5,3873,0,0,0,0,230293.732
0.095,3902,15309,6,3872,0,3,0,0,230293.223
0.095,3902,15308,6,3872,0,1,0,0,230292.734
0.095,3903,15296,6,3872,0,3,0,0,230292.221
0.094,3902,15293,5,3872,0,1,0,0,230291.732
0.094,3902,15290,5,3872,0,1,0,0,230291.22
0.094,3901,15287,6,3872,0,2,0,0,230290.732
0.094,3900,15287,5,3871,0,2,0,0,230290.222
0.093,3901,15276,5,3872,0,2,0,0,230289.734
0.093,3901,15267,5,3871,0,1,0,0,230289.219
0.093,3901,15265,5,3871,0,2,0,0,230288.729
0.092,3900,15260,6,3871,0,0,0,0,230288.222
0.092,3900,15257,6,3871,0,0,0,0,230287.733
0.092,3901,15254,6,3871,0,2,0,0,230287.222
0.091,3902,15257,5,3871,0,2,0,0,230286.733
0.091,3901,15248,5,3871,0,6,0,0,230286.239
0.091,3902,15233,5,3870,0,6,0,0,230285.729
0.09,3903,15224,6,3871,0,1,0,0,230285.222
0.09,3903,15222,6,3871,0,2,0,0,230284.733
0.09,3902,15222,5,3871,0,5,0,0,230284.221
0.09,3902,15216,6,3871,0,2,0,0,230283.733
0.09,3901,15211,6,3871,0,1,0,0,230283.227
0.09,3902,15209,5,3870,0,0,0,0,230282.717
0.09,3902,15208,5,3871,0,0,0,0,230282.23
0.088,3902,15200,5,3870,0,2,0,0,230281.721
0.088,3903,15195,5,3871,0,2,0,0,230281.235
0.088,3902,15187,5,3871,0,0,0,0,230280.725
0.088,3902,15185,5,3870,0,1,0,0,230280.223
0.088,3903,15179,6,3871,0,0,0,0,230279.719
0.088,3903,15175,6,3871,0,0,0,0,230279.235
0.086,3904,15165,6,3871,0,2,0,0,230278.727
0.086,3904,15161,5,3870,0,0,0,0,230278.222
0.086,3905,15164,5,3871,0,2,0,0,230277.732
0.085,3905,15161,6,3871,0,2,0,0,230277.221
0.085,3905,15150,6,3871,0,1,0,0,230276.731
0.085,3905,15141,5,3871,0,2,0,0,230276.218
0.084,3906,15139,5,3871,0,0,0,0,230275.727
0.084,3905,15134,6,3870,0,3,0,0,230275.218
0.084,3905,15123,5,3870,0,5,0,0,230274.729
0.084,3905,15110,5,3870,0,1,0,0,230274.238
0.084,3905,15112,5,3870,0,4,0,0,230273.725
0.084,3905,15111,5,3870,0,5,0,0,230273.236
0.084,3905,15111,6,3870,0,4,0,0,230272.728
0.082,3904,15105,5,3870,0,0,0,0,230272.22
0.082,3905,15095,5,3869,0,1,0,0,230271.735
0.082,3904,15086,5,3870,0,3,0,0,230271.226
0.081,3905,15090,5,3870,0,2,0,0,230270.723
0.081,3905,15086,5,3870,0,4,0,0,230270.226
0.081,3905,15076,6,3871,0,5,0,0,230269.736
0.081,3905,15069,5,3870,0,5,0,0,230269.232
0.081,3905,15060,5,3870,0,3,0,0,230268.735
0.081,3905,15056,5,3871,0,0,0,0,230268.221
0.079,3905,15051,5,3871,0,1,0,0,230267.734
0.079,3905,15049,6,3871,0,2,0,0,230267.226
0.079,3905,15045,5,3871,0,2,0,0,230266.737
0.079,3905,15040,5,3871,0,1,0,0,230266.229
0.079,3905,15033,5,3872,0,1,0,0,230265.735
0.079,3904,15025,6,3871,0,1,0,0,230265.227
0.079,3904,15024,5,3872,0,4,0,0,230264.738
0.078,3903,15020,5,3872,0,5,0,0,230264.231
0.078,3903,15014,6,3871,0,2,0,0,230263.723
0.078,3903,15009,5,3871,0,6,0,0,230263.236
0.077,3902,15005,5,3871,0,5,0,0,230262.725
0.077,3904,15000,6,3871,0,1,0,0,230262.226
0.077,3903,14997,5,3871,0,2,0,0,230261.734
0.076,3904,14988,5,3872,0,3,0,0,230261.222
0.076,3903,14981,5,3872,0,1,0,0,230260.73
0.076,3903,14977,6,3872,0,1,0,0,230260.218
0.075,3903,14977,5,3872,0,2,0,0,230259.728
0.075,3902,14968,5,3872,0,0,0,0,230259.223
0.075,3903,14962,5,3873,0,1,0,0,230258.736
0.075,3902,14955,5,3873,0,3,0,0,230258.223
0.074,3902,14953,5,3873,0,2,0,0,230257.734
0.074,3901,14944,5,3873,0,6,0,0,230257.224
0.074,3903,14938,6,3873,0,2,0,0,230256.733
0.073,3903,14929,6,3873,0,1,0,0,230256.225
0.073,3903,14924,5,3873,0,1,0,0,230255.733
0.073,3902,14919,6,3873,0,3,0,0,230255.218
0.072,3902,14915,5,3872,0,0,0,0,230254.735
0.072,3902,14916,5,3873,0,1,0,0,230254.226
0.072,3902,14910,6,3873,0,0,0,0,230253.737
0.071,3901,14905,6,3873,0,3,0,0,230253.223
0.071,3902,14893,5,3873,0,1,0,0,230252.734
0.071,3901,14895,5,3873,0,0,0,0,230252.221
0.07,3901,14891,6,3873,0,3,0,0,230251.736
0.07,3900,14890,6,3872,0,1,0,0,230251.227
0.07,3901,14883,5,3872,0,1,0,0,230250.736
0.07,3900,14879,6,3872,0,5,0,0,230250.226
0.069,3899,14876,5,3871,0,2,0,0,230249.737
0.069,3899,14871,6,3872,0,2,0,0,230249.228
0.069,3900,14863,5,3870,0,1,0,0,230248.718
0.068,3899,14855,6,3871,0,4,0,0,230248.228
0.068,3899,14845,5,3871,0,6,0,0,230247.734
0.068,3899,14836,5,3871,0,4,0,0,230247.221
0.067,3900,14829,6,3871,0,4,0,0,230246.73
0.067,3900,14825,5,3871,0,2,0,0,230246.221
0.067,3899,14819,6,3871,0,2,0,0,230245.736
0.066,3899,14817,5,3871,0,0,0,0,230245.219
0.066,3899,14811,5,3871,0,1,0,0,230244.726
0.066,3900,14810,5,3871,0,2,0,0,230244.237
0.065,3899,14801,6,3871,0,1,0,0,230243.729
0.065,3900,14796,6,3870,0,2,0,0,230243.224
0.065,3899,14794,5,3871,0,3,0,0,230242.718
0.065,3900,14789,6,3871,0,2,0,0,230242.228
0.064,3900,14787,5,3870,0,2,0,0,230241.718
0.064,3900,14774,5,3871,0,5,0,0,230241.227
0.064,3900,14765,6,3871,0,2,0,0,230240.735
0.063,3900,14762,6,3871,0,2,0,0,230240.23
0.063,3900,14752,6,3870,0,1,0,0,230239.723
0.063,3899,14750,6,3871,0,1,0,0,230239.236
0.062,3899,14744,6,3870,0,0,0,0,230238.726
0.062,3900,14740,6,3871,0,0,0,0,230238.22
0.062,3899,14736,5,3872,0,2,0,0,230237.731
0.061,3900,14729,5,3872,0,2,0,0,230237.222
0.061,3900,14727,6,3872,0,2,0,0,230236.732
0.061,3900,14717,5,3872,0,0,0,0,230236.221
0.06,3899,14714,6,3872,0,2,0,0,230235.733
0.06,3900,14708,5,3872,0,1,0,0,230235.223
0.06,3901,14700,6,3872,0,1,0,0,230234.718
0.06,3900,14696,5,3873,0,4,0,0,230234.23
0.059,3900,14689,5,3873,0,0,0,0,230233.719
0.059,3900,14683,5,3873,0,0,0,0,230233.23
0.059,3899,14674,5,3873,0,1,0,0,230232.724
0.058,3899,14664,5,3873,0,2,0,0,230232.23
0.058,3899,14660,6,3873,0,1,0,0,230231.72
0.058,3899,14659,5,3873,0,2,0,0,230231.232
0.057,3898,14659,5,3873,0,5,0,0,230230.724
0.057,3898,14655,6,3874,0,3,0,0,230230.236
0.057,3898,14647,6,3874,0,5,0,0,230229.725
0.056,3898,14642,5,3873,0,1,0,0,230229.218
0.056,3899,14636,5,3874,0,4,0,0,230228.731
0.056,3899,14632,5,3874,0,1,0,0,230228.237
0.055,3900,14629,5,3874,0,1,0,0,230227.73
0.055,3901,14621,5,3875,0,1,0,0,230227.221
0.055,3900,14612,4,3874,0,1,0,0,230226.736
0.055,3900,14609,5,3874,0,1,0,0,230226.226
0.054,3900,14603,5,3874,0,3,0,0,230225.718
0.054,3901,14593,5,3875,0,1,0,0,230225.223
0.054,3900,14587,6,3874,0,1,0,0,230224.735
0.053,3900,14580,5,3875,0,2,0,0,230224.224
0.053,3900,14577,5,3875,0,0,0,0,230223.734
0.053,3899,14564,6,3875,0,2,0,0,230223.223
0.052,3901,14562,5,3874,0,1,0,0,230222.732
0.052,3901,14556,5,3874,0,1,0,0,230222.219
0.052,3902,14554,5,3875,0,1,0,0,230221.732
0.051,3902,14544,5,3875,0,2,0,0,230221.221
0.051,3902,14539,4,3875,0,1,0,0,230220.731
0.051,3902,14535,4,3875,0,1,0,0,230220.224
0.05,3902,14530,5,3875,0,0,0,0,230219.732
0.05,3902,14530,5,3875,0,0,0,0,230219.218
0.05,3902,14520,5,3875,0,1,0,0,230218.731
0.05,3900,14516,4,3875,0,1,0,0,230218.223
0.05,3900,14508,5,3875,0,0,0,0,230217.736
0.05,3899,14500,4,3875,0,1,0,0,230217.223
0.05,3901,14491,4,3875,0,1,0,0,230216.732
0.048,3900,14488,4,3875,0,0,0,0,230216.223
0.048,3900,14483,4,3876,0,2,0,0,230215.717
0.048,3900,14484,3,3875,0,2,0,0,230215.223
0.048,3899,14481,4,3874,0,1,0,0,230214.735
0.048,3899,14472,4,3874,0,1,0,0,230214.223
0.048,3900,14466,4,3874,0,1,0,0,230213.757
0.046,3901,14460,4,3875,0,1,0,0,230213.218
0.046,3902,14454,4,3875,0,1,0,0,230212.729
0.046,3901,14448,4,3874,0,1,0,0,230212.218
0.046,3902,14439,4,3875,0,1,0,0,230211.73
0.046,3901,14432,4,3873,0,0,0,0,230211.223
0.046,3902,14430,4,3874,0,3,0,0,230210.735
0.046,3901,14423,3,3873,0,2,0,0,230210.219
0.045,3901,14411,3,3873,0,1,0,0,230209.732
0.045,3901,14404,4,3873,0,1,0,0,230209.221
0.045,3902,14399,3,3873,0,1,0,0,230208.732
0.044,3902,14401,4,3873,0,1,0,0,230208.225
0.044,3902,14393,3,3873,0,1,0,0,230207.724
0.044,3901,14386,3,3873,0,4,0,0,230207.234
0.043,3903,14382,3,3873,0,2,0,0,230206.727
0.043,3902,14369,3,3872,0,3,0,0,230206.235
0.043,3903,14359,3,3872,0,2,0,0,230205.727
0.042,3903,14359,3,3872,0,0,0,0,230205.22
0.042,3902,14358,3,3872,0,0,0,0,230204.725
0.042,3902,14353,3,3872,0,1,0,0,230204.234
0.041,3901,14348,3,3872,0,1,0,0,230203.726
0.041,3901,14341,3,3872,0,1,0,0,230203.23
0.041,3900,14337,3,3871,0,1,0,0,230202.724
0.041,3901,14327,2,3871,0,2,0,0,230202.237
0.04,3900,14319,3,3871,0,3,0,0,230201.723
0.04,3900,14316,3,3871,0,3,0,0,230201.235
0.04,3900,14315,3,3870,0,2,0,0,230200.724
0.039,3900,14307,3,3871,0,2,0,0,230200.232
0.039,3900,14294,3,3871,0,1,0,0,230199.726
0.039,3899,14287,3,3871,0,2,0,0,230199.234
0.038,3899,14278,3,3871,0,4,0,0,230198.723
0.038,3900,14272,3,3871,0,2,0,0,230198.235
0.038,3899,14267,3,3871,0,0,0,0,230197.725
0.037,3899,14262,3,3872,0,3,0,0,230197.23
0.037,3898,14256,3,3871,0,0,0,0,230196.72
0.037,3898,14247,3,3871,0,1,0,0,230196.231
0.036,3897,14242,3,3872,0,3,0,0,230195.731
0.036,3898,14235,3,3872,0,1,0,0,230195.22
0.036,3897,14236,3,3871,0,2,0,0,230194.73
0.036,3897,14225,3,3871,0,2,0,0,230194.236
0.035,3897,14212,3,3871,0,1,0,0,230193.717
0.035,3897,14199,3,3870,0,2,0,0,230193.229
0.035,3896,14200,3,3871,0,3,0,0,230192.723
0.034,3897,14199,2,3870,0,3,0,0,230192.228
0.034,3896,14196,3,3870,0,4,0,0,230191.735
0.034,3897,14187,3,3870,0,1,0,0,230191.227
0.033,3897,14173,3,3869,0,1,0,0,230190.717
0.033,3896,14167,3,3869,0,2,0,0,230190.232
0.033,3897,14159,3,3869,0,2,0,0,230189.723
0.031,3896,14154,3,3869,0,1,0,0,230189.233
0.031,3897,14144,3,3869,0,2,0,0,230188.72
0.031,3897,14144,3,3869,0,1,0,0,230188.233
0.03,3896,14138,3,3869,0,1,0,0,230187.723
0.03,3895,14131,3,3869,0,1,0,0,230187.237
0.03,3895,14124,3,3869,0,1,0,0,230186.731
0.03,3895,14112,4,3869,0,4,0,0,230186.224
0.029,3894,14095,3,3869,0,2,0,0,230185.732
0.029,3894,14087,3,3869,0,4,0,0,230185.223
0.029,3894,14082,3,3868,0,2,0,0,230184.737
0.028,3895,14080,4,3869,0,1,0,0,230184.228
0.028,3895,14074,4,3868,0,0,0,0,230183.719
0.028,3895,14069,4,3869,0,1,0,0,230183.229
0.028,3894,14063,4,3869,0,1,0,0,230182.72
0.028,3895,14062,4,3869,0,4,0,0,230182.235
0.028,3896,14059,4,3869,0,5,0,0,230181.73
0.028,3895,14055,4,3868,0,1,0,0,230181.224
0.028,3896,14054,4,3868,0,1,0,0,230180.736
0.028,3897,14055,5,3868,0,1,0,0,230180.226
0.028,3895,14059,4,3869,0,1,0,0,230179.736
0.028,3897,14061,5,3869,0,0,0,0,230179.224
0.028,3897,14060,5,3868,0,1,0,0,230178.733
0.028,3896,14057,5,3868,0,1,0,0,230178.22
0.028,3897,14059,5,3868,0,5,0,0,230177.724
